_time,asset,asset_tag,assigned,assigned_to,assignment_group,attributes,can_print,category,cd_rom,cd_speed,change_control,chassis_type,checked_in,checked_out,classification,comments,company,correlation_id,cost,cost_cc,cost_center,cpu_core_count,cpu_core_thread,cpu_count,cpu_manufacturer,cpu_name,cpu_speed,cpu_full,cpu_type,date_zone,default_gateway,delivery_date,department,discovery_source,disk_space,dns_domain,dr_backup,due,due_in,endpoint,eventtype,fault_count,firewall_status,first_discovered,floppy,form_factor,fqdn,gl_account,hardware_status,hardware_substatus,host,host_name,install_date,install_status,invoice_number,ip_address,justification,lat,lon,datacenter,last_discovered,lease_id,linecount,location,mac_address,managed_by,manufacturer,model_id,model_number,monitor,operational_status,order_date,os,os_address_width,os_domain,os_service_pack,os_version,owned_by,po_number,ram,schedule,serial_number,short_description,skip_sync,start_date,subcategory,support_group,supported_by,sys_class_name,sys_created_by,sys_created_on,sys_domain,sys_id,sys_mod_count,sys_tags,sys_updated_by,sys_updated_on,tag,unverified,used_for,vendor,virtual,warranty_expiration
2021-09-19T20:59:09.000+0000,8xydscai3b57gc193r89,P1000808,5/19/21 20:59,5f728212c0a8010e004a13c7588047dd,,,FALSE,Hardware,FALSE,,,,,,Production,,e7c1f3d53790200044e0bfc8bcbe5deb,,9599.99,USD,,64,128,8,Intel Corp,Xeon W-1370,2900,Intel Xeon W-1370 2900 Mhz,Xeon W,0,,,,,40,,,,,https://your.service-snow.com,,0,Intranet,,,,,,installed,,PattyBouvier.domain.local,PattyBouvier,9/26/19 0:00,1,31264,131.95.224.98,,39.414268,-77.410538,DC1,,,1,8228cda2ac1d55eb7029baf443945c37,E0:DB:55:ED:63:4D,56826bf03710200044e0bfc8bcbe5dca,"Dell, Inc.",5f80e1a9c0a8010e001e8da618191a29,PowerEdge R940,FALSE,1,,Solaris,,,,10,,50953,64,,4476194082,FTP Server,FALSE,,Computer,,,cmdb_ci_unix_server,todd.hughes,9/26/19 0:00,global,60ca3062c0a8010e0145c47fe9f3dc12,6,,walter.mitchell,9/26/19 0:00,,FALSE,Production,b7e7c073c0a801690143e7b7d29eb408,FALSE,7/4/23
2021-09-19T20:59:14.000+0000,4nrq1u5axqb8165q0vdg,P1000704,5/19/21 20:59,ba82abf03710200044e0bfc8bcbe5d03,,,FALSE,Hardware,FALSE,-1,,,,,Production,,e7c1f3d53790200044e0bfc8bcbe5deb,,1599.99,USD,,8,16,1,Intel Corp,Xeon W-1370,2900,Intel Xeon W-1370 2900 Mhz,Xeon W,0,,,,,101.5,,,,,https://your.service-snow.com,,0,,,,,,,installed,,OttoMann.domain.local,OttoMann,8/6/19 0:00,1,13896,159.113.9.72,,39.414268,-77.410538,DC1,,,1,f48b21c20a0a0ba70037c842dbb8ffe0,E0:DB:55:AC:A2:F2,5137153cc611227c000bbd1bd8cd2007,"Dell, Inc.",0c43b26cc611227501522de2ba7d82f1,PowerEdge R940,FALSE,1,,Windows Server 2019,,,,10.0.17763,,30521,192,,4842357486,Domain Controller/Exchange Server/FTP Server,FALSE,,Computer,,,cmdb_ci_server,timothy.allen,8/6/19 0:00,global,6cabe993c611222500bb025775ec8732,21,,chris.alexander,8/6/19 0:00,,FALSE,,b7e7d7d8c0a8016900a5d7f291acce5c,FALSE,6/25/22
2021-09-19T20:59:07.000+0000,wyvj06ejz1mrek4ssw2y,P1000579,5/19/21 20:59,7e82abf03710200044e0bfc8bcbe5d20,,,FALSE,Hardware,FALSE,,,,,,Production,,e7c1f3d53790200044e0bfc8bcbe5deb,,10015,USD,,16,32,2,Intel Corp,Xeon W-1370,2900,Intel Xeon W-1370 2900 Mhz,Xeon W,0,,,,,200,,,,,https://your.service-snow.com,,0,Intranet,,,,,,installed,,ReverendTimothyLovejoy.domain.local,ReverendTimothyLovejoy,10/14/19 0:00,1,41563,118.162.174.97,,39.414268,-77.410538,DC1,,,1,f48b21c20a0a0ba70037c842dbb8ffe0,E0:DB:55:A2:45:41,5137153cc611227c000bbd1bd8cd2007,"Dell, Inc.",46d449d5a9fe198101952a675f442619,PowerEdge R940,FALSE,1,,Windows Server 2019,,,,10.0.17763,,14776,128,,1776909086,FTP Server,FALSE,,Computer,,,cmdb_ci_server,joe.stewart,10/14/19 0:00,global,a9c68505c6112276017ee7d52f43e7c6,6,,craig.washington,10/14/19 0:00,,FALSE,,b7e7d7d8c0a8016900a5d7f291acce5c,FALSE,9/27/23
2021-09-19T20:58:58.000+0000,j6zoxl7unojx88gjsa8w,P1000322,5/19/21 20:58,fe826bf03710200044e0bfc8bcbe5df8,,,FALSE,Hardware,FALSE,,,,,,Production,,e7c1f3d53790200044e0bfc8bcbe5deb,,3199.99,USD,,96,192,12,Intel Corp,Xeon W-1370,2900,Intel Xeon W-1370 2900 Mhz,Xeon W,0,,,,,40,,,,,https://your.service-snow.com,,0,Intranet,,,,,,installed,,SideshowBob.domain.local,SideshowBob,1/29/19 0:00,1,22483,202.152.217.16,,39.414268,-77.410538,DC1,,,1,8228cda2ac1d55eb7029baf443945c37,E0:DB:55:9A:86:44,56826bf03710200044e0bfc8bcbe5dca,"Dell, Inc.",5f7e9a66c0a8010e008b58d466ed84b7,PowerEdge R750,FALSE,1,,AIX,,,,5L,,32189,208,,4549428667,Domain Controller,FALSE,,Computer,,,cmdb_ci_unix_server,david.davis,1/29/19 0:00,global,5f9ba346c0a8010e00158183aaa1eb24,4,,peter.roberts,1/29/19 0:00,,FALSE,Production,b7e7c073c0a801690143e7b7d29eb408,FALSE,12/16/22
2021-09-19T20:59:05.000+0000,f8hv8dducfpwrkkw8jt9,P1000392,5/19/21 20:59,4b82abf03710200044e0bfc8bcbe5d42,,,FALSE,Hardware,FALSE,-1,,,,,Production,,e7c1f3d53790200044e0bfc8bcbe5deb,,2160,USD,,8,16,1,Intel Corp,Xeon W-1370,2900,Intel Xeon W-1370 2900 Mhz,Xeon W,0,,,,,100,,,,,https://your.service-snow.com,,0,,,,,,,installed,,SelmaBouvier.domain.local,SelmaBouvier,6/22/19 0:00,1,49788,100.178.52.175,,39.414268,-77.410538,DC1,,,1,f48b21c20a0a0ba70037c842dbb8ffe0,E0:DB:55:95:AF:BC,5137153cc611227c000bbd1bd8cd2007,"Dell, Inc.",47aa6b3f3763100044e0bfc8bcbe5d76,PowerEdge R940,FALSE,1,,Linux Red Hat,,,,Enterprise,,11878,192,,9389860485,DB Server,FALSE,,Computer,,,cmdb_ci_server,gregory.baker,6/22/19 0:00,global,b0cbf176c0a80009002b452bc33e2fc3,9,,lawrence.richardson,6/22/19 0:00,,FALSE,,b7e7d7d8c0a8016900a5d7f291acce5c,FALSE,8/24/23
2021-09-19T20:59:05.000+0000,rgfpieo3c4wfcyr168dv,P1000565,5/19/21 20:59,8f82abf03710200044e0bfc8bcbe5d40,,,FALSE,Hardware,FALSE,,,,,,Production,,e7c1f3d53790200044e0bfc8bcbe5deb,,,USD,,64,128,8,Intel Corp,Xeon W-1370,2900,Intel Xeon W-1370 2900 Mhz,Xeon W,0,,,,,40,,,,,https://your.service-snow.com,,0,Intranet,,,,,,installed,,SeymourSkinner.domain.local,SeymourSkinner,7/11/19 0:00,1,33627,227.237.30.225,,39.414268,-77.410538,DC1,,,1,8228cda2ac1d55eb7029baf443945c37,E0:DB:55:8A:03:29,56826bf03710200044e0bfc8bcbe5dca,"Dell, Inc.",5f80e1a9c0a8010e001e8da618191a29,PowerEdge R750,FALSE,1,,Solaris,,,,10,,54268,128,,5639140356,FTP Server,FALSE,,Computer,,,cmdb_ci_unix_server,joseph.moore,7/11/19 0:00,global,53979c53c0a801640116ad2044643fb2,5,,george.martin,7/11/19 0:00,,FALSE,Production,b7e7c073c0a801690143e7b7d29eb408,FALSE,3/1/22
2021-09-19T20:55:30.000+0000,tu1ogodlwsf6t0078t1e,P1000812,5/19/21 20:55,ba826bf03710200044e0bfc8bcbe5dfa,,,FALSE,Hardware,FALSE,,,,,,Production,,e7c1f3d53790200044e0bfc8bcbe5deb,,3199.99,USD,,96,192,12,AMD Inc,Epyc 72F3,3700,AMD Epyc 72F3 3700 Mhz,Epyc Gen 3,0,,,,,40,,,,,https://your.service-snow.com,,0,Intranet,,,,,,installed,,SeaCaptain.domain.local,SeaCaptain,6/14/20 0:00,1,40438,13.133.97.217,,35.779591,-78.638176,DC2,,,1,8228cda2ac1d55eb7029baf443945c37,E0:DB:55:7B:72:FA,56826bf03710200044e0bfc8bcbe5dca,"Dell, Inc.",5f7e9a66c0a8010e008b58d466ed84b7,PowerEdge 7515,FALSE,1,,AIX,,,,5L,,17406,224,,8930944465,,FALSE,,Computer,,,cmdb_ci_unix_server,harold.turner,6/14/20 0:00,global,5f9ba346c0a8010e00158183aaa1eb24,4,,peter.roberts,6/14/20 0:00,,FALSE,Production,b7e7c073c0a801690143e7b7d29eb408,FALSE,11/5/21
2021-09-19T20:55:34.000+0000,a71wrx88s9fyu4jv4mts,P1000919,5/19/21 20:55,fe82abf03710200044e0bfc8bcbe5d33,,,FALSE,Hardware,FALSE,,,,,,Production,,e7c1f3d53790200044e0bfc8bcbe5deb,,,USD,,64,128,8,AMD Inc,Epyc 72F3,3700,AMD Epyc 72F3 3700 Mhz,Epyc Gen 3,0,,,,,40,,,,,https://your.service-snow.com,,0,Intranet,,,,,,installed,,OldJewishMan.domain.local,OldJewishMan,11/15/20 0:00,1,24668,58.127.147.96,,35.779591,-78.638176,DC2,,,1,8228cda2ac1d55eb7029baf443945c37,E0:DB:55:6E:1E:F8,56826bf03710200044e0bfc8bcbe5dca,"Dell, Inc.",5f80e1a9c0a8010e001e8da618191a29,PowerEdge 7515,FALSE,1,,Solaris,,,,10,,17406,96,,4282145405,,FALSE,,Computer,,,cmdb_ci_unix_server,jimmy.diaz,11/15/20 0:00,global,53979c53c0a801640116ad2044643fb2,5,,patrick.perez,11/15/20 0:00,,FALSE,Production,b7e7c073c0a801690143e7b7d29eb408,FALSE,10/11/22
2021-09-19T20:59:08.000+0000,himsdnwq10p3jkywfvte,P1000689,5/19/21 20:59,46d1656aa9fe19810123a47c98f2d82f,,,FALSE,Hardware,FALSE,-1,,,,,Production,,e7c1f3d53790200044e0bfc8bcbe5deb,,0,USD,,8,16,1,Intel Corp,Xeon W-1370,2900,Intel Xeon W-1370 2900 Mhz,Xeon W,0,,,,,136,,,,,https://your.service-snow.com,,0,,,,,,,installed,,RalphWiggum.domain.local,RalphWiggum,2/24/19 0:00,1,51051,223.130.76.154,,39.414268,-77.410538,DC1,,,1,f48b23070a0a0ba7001d16a64c67589a,E0:DB:55:50:DB:CE,f298d2d2c611227b0106c6be7f154bc8,"Dell, Inc.",46d449d5a9fe198101952a675f442619,PowerEdge R940,FALSE,1,,Windows Server 2019,,,,10.0.17763,,37614,96,,2948068388,Print Server / Mom Server / ADP Server,FALSE,,Computer,,,cmdb_ci_server,lawrence.richardson,2/24/19 0:00,global,6ccab11cc611222500e1549797d1c1e5,19,,dennis.carter,2/24/19 0:00,,FALSE,,b7e7d7d8c0a8016900a5d7f291acce5c,FALSE,2/5/22
2021-09-19T20:59:00.000+0000,z92nk9qb5imjm2gn6re8,P1000880,5/19/21 20:59,7a82abf03710200044e0bfc8bcbe5d39,,,FALSE,Hardware,FALSE,-1,,,,,Production,,e7c1f3d53790200044e0bfc8bcbe5deb,,0,USD,,8,16,1,Intel Corp,Xeon W-1370,2900,Intel Xeon W-1370 2900 Mhz,Xeon W,0,,,,,45,,,,,https://your.service-snow.com,,0,,,,,,,installed,,SherrinTerri.domain.local,SherrinTerri,2/23/21 0:00,1,55394,75.188.176.80,,39.414268,-77.410538,DC1,,,1,f48b21c20a0a0ba70037c842dbb8ffe0,E0:DB:55:28:10:46,5137153cc611227c000bbd1bd8cd2007,"Dell, Inc.",47aa6b3f3763100044e0bfc8bcbe5d76,PowerEdge R750,FALSE,1,,Windows Server 2016,,,,10.0.14393.4046,,21842,208,,6320318328,File / Web (Intranet) / Payroll database,FALSE,,Computer,,,cmdb_ci_server,jack.morris,2/23/21 0:00,global,8d6916edc611222501dbb12bd683e36f,17,,timothy.allen,2/23/21 0:00,,FALSE,,b7e7d7d8c0a8016900a5d7f291acce5c,FALSE,3/24/23
2021-09-19T21:01:14.000+0000,ufhj4vvanitn4i3xhyov,P1000330,5/19/21 21:01,c782abf03710200044e0bfc8bcbe5d41,,,FALSE,Hardware,FALSE,-1,,,,,Production,,e7c1f3d53790200044e0bfc8bcbe5deb,,10015,USD,,8,16,1,Intel Corp,Xeon E-2278GE,3300,Intel Xeon E-2278GE 3300 Mhz,Xeon E,0,,,,,100,,,,,https://your.service-snow.com,,0,Intranet,,,,,,installed,,SantasLittleHelper.domain.local,SantasLittleHelper,1/31/21 0:00,1,21065,18.219.215.99,,39.414268,-77.410538,DC1,,,1,f48b21c20a0a0ba70037c842dbb8ffe0,E0:DB:55:23:9C:11,5137153cc611227c000bbd1bd8cd2007,"Dell, Inc.",46d449d5a9fe198101952a675f442619,PowerEdge R750,FALSE,1,,Linux Red Hat,,,,Enterprise,,32634,96,,4661634650,DB Server,FALSE,,Computer,,,cmdb_ci_server,martin.powell,1/31/21 0:00,global,14a9e27bc61122750037b90c4d34da38,11,,brandon.peterson,1/31/21 0:00,,FALSE,,b7e7d7d8c0a8016900a5d7f291acce5c,FALSE,9/28/22
2021-09-19T20:54:58.000+0000,5132cvdktkdkjy9lebg8,P1000459,5/19/21 20:54,ba82abf03710200044e0bfc8bcbe5d23,,,FALSE,Hardware,FALSE,-1,,,,,Production,,e7c1f3d53790200044e0bfc8bcbe5deb,,10015,USD,,8,16,1,AMD Inc,Epyc 7252,3200,AMD Epyc 7252 3200 Mhz,Epyc Gen 2,0,,,,,100,,,,,https://your.service-snow.com,,0,Intranet,,,,,,installed,,SarahWiggum.domain.local,SarahWiggum,3/7/20 0:00,1,39322,122.175.153.38,,39.710999,-105.088867,DC3,,,1,f48b21c20a0a0ba70037c842dbb8ffe0,E0:DB:55:1F:99:26,5137153cc611227c000bbd1bd8cd2007,"Dell, Inc.",46d449d5a9fe198101952a675f442619,PowerEdge 6525,FALSE,1,,Linux Red Hat,,,,Enterprise,,41337,128,,6393035320,DB Server,FALSE,,Computer,,,cmdb_ci_server,aaron.bennett,3/7/20 0:00,global,14a9e27bc61122750037b90c4d34da38,11,,jimmy.diaz,3/7/20 0:00,,FALSE,,b7e7d7d8c0a8016900a5d7f291acce5c,FALSE,10/14/22
2021-09-19T20:55:32.000+0000,bjiycuxb1b08115wm4wb,P1000810,5/19/21 20:55,5f675796c0a8010e0132f67844388c58,,,FALSE,Hardware,FALSE,-1,,,,,Production,,e7c1f3d53790200044e0bfc8bcbe5deb,,0,USD,,8,16,1,AMD Inc,Epyc 72F3,3700,AMD Epyc 72F3 3700 Mhz,Epyc Gen 3,0,,,,,45,,,,,https://your.service-snow.com,,0,,,,,,,installed,,RuthPowers.domain.local,RuthPowers,9/29/20 0:00,1,48991,13.255.74.41,,35.779591,-78.638176,DC2,,,1,f48b21c20a0a0ba70037c842dbb8ffe0,E0:DB:55:01:20:EC,5137153cc611227c000bbd1bd8cd2007,"Dell, Inc.",47aa6b3f3763100044e0bfc8bcbe5d76,PowerEdge 7515,FALSE,1,,Windows Server 2016,,,,10.0.14393.4046,,17406,128,,6556796661,File / Web (Intranet) / Payroll database,FALSE,,Computer,,,cmdb_ci_server,joshua.gonzalez,9/29/20 0:00,global,8d6916edc611222501dbb12bd683e36f,17,,brandon.peterson,9/29/20 0:00,,FALSE,,b7e7d7d8c0a8016900a5d7f291acce5c,FALSE,8/9/22
2021-09-19T20:58:39.000+0000,7gxfk4otf8njtwx8dx3f,P1000406,5/19/21 20:58,7a82abf03710200044e0bfc8bcbe5d1e,,,FALSE,Hardware,FALSE,-1,,,,,Production,,e7c1f3d53790200044e0bfc8bcbe5deb,,0,USD,,32,64,4,Intel Corp,Xeon W-1370,2900,Intel Xeon W-1370 2900 Mhz,Xeon W,0,,,,,1689,,,,,https://your.service-snow.com,,0,,,,,,,installed,,WaylonSmithers.domain.local,WaylonSmithers,8/25/20 0:00,1,16404,230.69.229.23,,39.414268,-77.410538,DC1,,,1,f48b21c20a0a0ba70037c842dbb8ffe0,D4:BE:D9:D4:98:17,5137153cc611227c000bbd1bd8cd2007,"Dell, Inc.",47aa6b3f3763100044e0bfc8bcbe5d76,PowerEdge R750,FALSE,1,,HP/UX,,,,2.6.050,,51388,64,,5678076428,Network Attached Storage,FALSE,,Computer,,,cmdb_ci_server,justin.cook,8/25/20 0:00,global,6cb10db5c611222500bf34f43d2ff189,18,,clarence.foster,8/25/20 0:00,,FALSE,,b7e7d7d8c0a8016900a5d7f291acce5c,FALSE,3/29/23
2021-09-19T20:58:58.000+0000,lc5l6g79d1jwe6knvt71,P1000414,5/19/21 20:58,7e82abf03710200044e0bfc8bcbe5d29,,,FALSE,Hardware,FALSE,,,,,,Production,,e7c1f3d53790200044e0bfc8bcbe5deb,,3199.99,USD,,96,192,12,Intel Corp,Xeon W-1370,2900,Intel Xeon W-1370 2900 Mhz,Xeon W,0,,,,,40,,,,,https://your.service-snow.com,,0,Intranet,,,,,,installed,,ToddFlanders.domain.local,ToddFlanders,8/29/19 0:00,1,38584,63.150.212.33,,39.414268,-77.410538,DC1,,,1,8228cda2ac1d55eb7029baf443945c37,D4:BE:D9:AD:D5:EF,56826bf03710200044e0bfc8bcbe5dca,"Dell, Inc.",5f7e9a66c0a8010e008b58d466ed84b7,PowerEdge R750,FALSE,1,,AIX,,,,5L,,39997,192,,9911022008,Domain Controller,FALSE,,Computer,,,cmdb_ci_unix_server,martin.powell,8/29/19 0:00,global,5f7dfd9cc0a8010e00ab58006f14bdc5,5,,willie.rivera,8/29/19 0:00,,FALSE,Production,b7e7c073c0a801690143e7b7d29eb408,FALSE,1/13/23
2021-09-19T20:55:02.000+0000,mp5suo5luv0vnv8ywj8n,P1000520,5/19/21 20:55,b282abf03710200044e0bfc8bcbe5d3a,,,FALSE,Hardware,FALSE,-1,,,,,Production,,e7c1f3d53790200044e0bfc8bcbe5deb,,1599.99,USD,,8,16,1,AMD Inc,Epyc 72F3,3700,AMD Epyc 72F3 3700 Mhz,Epyc Gen 3,0,,,,,101.5,,,,,https://your.service-snow.com,,0,,,,,,,installed,,SuperintendentGaryChalmers.domain.local,SuperintendentGaryChalmers,6/23/19 0:00,1,26067,188.128.241.171,,39.710999,-105.088867,DC3,,,1,f48b21c20a0a0ba70037c842dbb8ffe0,D4:BE:D9:92:C4:80,5137153cc611227c000bbd1bd8cd2007,"Dell, Inc.",0c43b26cc611227501522de2ba7d82f1,PowerEdge 7515,FALSE,1,,Windows Server 2019,,,,10.0.17763,,42429,128,,3864166940,Domain Controller/Exchange Server/FTP Server,FALSE,,Computer,,,cmdb_ci_server,kenneth.thompson,6/23/19 0:00,global,6cabe993c611222500bb025775ec8732,21,,david.davis,6/23/19 0:00,,FALSE,,b7e7d7d8c0a8016900a5d7f291acce5c,FALSE,2/24/23
2021-09-19T21:01:12.000+0000,t0z6yavezd2m6zm743rh,P1000382,5/19/21 21:01,72826bf03710200044e0bfc8bcbe5dfa,,,FALSE,Hardware,FALSE,,,,,,Production,,e7c1f3d53790200044e0bfc8bcbe5deb,,3199.99,USD,,96,192,12,Intel Corp,Xeon E-2278GE,3300,Intel Xeon E-2278GE 3300 Mhz,Xeon E,0,,,,,40,,,,,https://your.service-snow.com,,0,Intranet,,,,,,installed,,SnowballTheCat.domain.local,SnowballTheCat,1/30/19 0:00,1,12559,103.1.123.167,,39.414268,-77.410538,DC1,,,1,8228cda2ac1d55eb7029baf443945c37,D4:BE:D9:5C:4F:1C,56826bf03710200044e0bfc8bcbe5dca,"Dell, Inc.",5f7e9a66c0a8010e008b58d466ed84b7,PowerEdge R750,FALSE,1,,AIX,,,,5L,,32634,128,,9435201094,Exchange Server,FALSE,,Computer,,,cmdb_ci_unix_server,thomas.taylor,1/30/19 0:00,global,5f9ba346c0a8010e00158183aaa1eb24,4,,anthony.rodriguez,1/30/19 0:00,,FALSE,Production,b7e7c073c0a801690143e7b7d29eb408,FALSE,1/31/22
2021-09-19T20:56:16.000+0000,v4tyib3kpf3aw1vearoc,P1000638,5/19/21 20:56,7e82abf03710200044e0bfc8bcbe5d29,,,FALSE,Hardware,FALSE,-1,,,,,Production,,e7c1f3d53790200044e0bfc8bcbe5deb,,0,USD,,32,64,4,AMD Inc,Epyc 72F3,3700,AMD Epyc 72F3 3700 Mhz,Epyc Gen 3,0,,,,,1689,,,,,https://your.service-snow.com,,0,,,,,,,installed,,SnakeJailbird.domain.local,SnakeJailbird,2/26/21 0:00,1,55398,21.242.54.92,,35.779591,-78.638176,DC2,,,1,f48b21c20a0a0ba70037c842dbb8ffe0,D4:BE:D9:34:D3:77,5137153cc611227c000bbd1bd8cd2007,"Dell, Inc.",47aa6b3f3763100044e0bfc8bcbe5d76,PowerEdge 7525,FALSE,1,,HP/UX,,,,2.6.050,,29215,128,,1310160003,Network Attached Storage,FALSE,,Computer,,,cmdb_ci_server,joshua.gonzalez,2/26/21 0:00,global,6cb10db5c611222500bf34f43d2ff189,18,,louis.sanders,2/26/21 0:00,,FALSE,,b7e7d7d8c0a8016900a5d7f291acce5c,FALSE,3/15/22
2021-09-19T20:55:00.000+0000,h4ewksuaajpdpoxnzchj,P1000876,5/19/21 20:55,fe82abf03710200044e0bfc8bcbe5d0f,,,FALSE,Hardware,FALSE,,,,,,Production,,e7c1f3d53790200044e0bfc8bcbe5deb,,3199.99,USD,,96,192,12,AMD Inc,Epyc 7252,3200,AMD Epyc 7252 3200 Mhz,Epyc Gen 2,0,,,,,40,,,,,https://your.service-snow.com,,0,Intranet,,,,,,installed,,TheRichTexan.domain.local,TheRichTexan,4/19/20 0:00,1,37848,25.21.235.219,,39.710999,-105.088867,DC3,,,1,8228cda2ac1d55eb7029baf443945c37,D4:BE:D9:22:96:5E,56826bf03710200044e0bfc8bcbe5dca,"Dell, Inc.",5f7e9a66c0a8010e008b58d466ed84b7,PowerEdge 7515,FALSE,1,,AIX,,,,5L,,20524,96,,2207881300,,FALSE,,Computer,,,cmdb_ci_unix_server,michael.jones,4/19/20 0:00,global,5f9b83bfc0a8010e005a2b3212c9dc07,6,,randy.wood,4/19/20 0:00,,FALSE,Production,b7e7c073c0a801690143e7b7d29eb408,FALSE,10/16/23
2021-09-19T20:55:28.000+0000,do20hxdldaahpbw7cein,P1000072,5/19/21 20:55,f282abf03710200044e0bfc8bcbe5d04,,,FALSE,Hardware,FALSE,,,,,,Production,,e7c1f3d53790200044e0bfc8bcbe5deb,,3199.99,USD,,96,192,12,AMD Inc,Epyc 72F3,3700,AMD Epyc 72F3 3700 Mhz,Epyc Gen 3,0,,,,,40,,,,,https://your.service-snow.com,,0,Intranet,,,,,,installed,,Squeaky-VoicedTeen.domain.local,Squeaky-VoicedTeen,1/12/19 0:00,1,12879,123.87.213.25,,35.779591,-78.638176,DC2,,,1,8228cda2ac1d55eb7029baf443945c37,D4:BE:D9:16:89:20,56826bf03710200044e0bfc8bcbe5dca,"Dell, Inc.",5f7e9a66c0a8010e008b58d466ed84b7,PowerEdge 7515,FALSE,1,,AIX,,,,5L,,17406,128,,8640893027,,FALSE,,Computer,,,cmdb_ci_unix_server,matthew.walker,1/12/19 0:00,global,5f7dfd9cc0a8010e00ab58006f14bdc5,5,,frank.wright,1/12/19 0:00,,FALSE,Production,b7e7c073c0a801690143e7b7d29eb408,FALSE,3/2/22
2021-09-19T20:58:11.000+0000,z7iowujx6mfkbxf503d9,P1000329,5/19/21 20:58,fa82abf03710200044e0bfc8bcbe5d08,,,FALSE,Hardware,FALSE,,,,,,Production,,e7c1f3d53790200044e0bfc8bcbe5deb,,10015,USD,,16,32,2,Intel Corp,Xeon D-1649N,2300,Intel Xeon D-1649N 2300 Mhz,Xeon D,0,,,,,200,,,,,https://your.service-snow.com,,0,Intranet,,,,,,installed,,KearneyZzyzwicz.domain.local,KearneyZzyzwicz,3/11/19 0:00,1,43276,204.64.75.116,,39.414268,-77.410538,DC1,,,1,f48b21c20a0a0ba70037c842dbb8ffe0,BC:30:5B:E9:65:A3,5137153cc611227c000bbd1bd8cd2007,"Dell, Inc.",46d449d5a9fe198101952a675f442619,PowerEdge R750,FALSE,1,,Windows Server 2019,,,,10.0.17763,,51388,192,,8149773888,Exchange Server,FALSE,,Computer,,,cmdb_ci_server,kevin.lewis,3/11/19 0:00,global,a9c68505c6112276017ee7d52f43e7c6,6,,eric.hill,3/11/19 0:00,,FALSE,,b7e7d7d8c0a8016900a5d7f291acce5c,FALSE,6/18/23
2021-09-19T20:58:11.000+0000,zomx64q338jve6m9qg4d,P1000742,5/19/21 20:58,4782abf03710200044e0bfc8bcbe5d40,,,FALSE,Hardware,FALSE,,,,,,Production,,e7c1f3d53790200044e0bfc8bcbe5deb,,,USD,,64,128,8,Intel Corp,Xeon D-1649N,2300,Intel Xeon D-1649N 2300 Mhz,Xeon D,0,,,,,40,,,,,https://your.service-snow.com,,0,Intranet,,,,,,installed,,LionelHutz.domain.local,LionelHutz,8/21/20 0:00,1,39163,217.141.108.114,,39.414268,-77.410538,DC1,,,1,8228cda2ac1d55eb7029baf443945c37,BC:30:5B:E7:6E:91,56826bf03710200044e0bfc8bcbe5dca,"Dell, Inc.",5f80e1a9c0a8010e001e8da618191a29,PowerEdge R750,FALSE,1,,Solaris,,,,10,,51388,64,,5368164256,Exchange Server,FALSE,,Computer,,,cmdb_ci_unix_server,chris.alexander,8/21/20 0:00,global,53979c53c0a801640116ad2044643fb2,5,,joseph.moore,8/21/20 0:00,,FALSE,Production,b7e7c073c0a801690143e7b7d29eb408,FALSE,11/13/22
2021-09-19T20:59:28.000+0000,78xtz77472h2r47mhz2r,P1000240,5/19/21 20:59,7a82abf03710200044e0bfc8bcbe5d30,,,FALSE,Hardware,FALSE,,,,,,Production,,e7c1f3d53790200044e0bfc8bcbe5deb,,,USD,,8,16,1,Intel Corp,Xeon W-1370,2900,Intel Xeon W-1370 2900 Mhz,Xeon W,0,,,,,,,,,,https://your.service-snow.com,,0,Intranet,,,,,,installed,,MrBurns.domain.local,MrBurns,4/7/20 0:00,1,41349,173.236.74.62,,39.414268,-77.410538,DC1,,,1,f48b21c20a0a0ba70037c842dbb8ffe0,BC:30:5B:B8:92:5C,5137153cc611227c000bbd1bd8cd2007,"Dell, Inc.",47aa6b3f3763100044e0bfc8bcbe5d76,PowerEdge R940,FALSE,1,,Windows Server 2016,,,,10.0.14393.4046,,50613,208,,5208129490,FTP Server,FALSE,,Computer,,,cmdb_ci_server,walter.mitchell,4/7/20 0:00,global,827b692d0ad337021abb72d3737ff401,3,,henry.campbell,4/7/20 0:00,,FALSE,Production,b7e7d7d8c0a8016900a5d7f291acce5c,FALSE,10/19/22
2021-09-19T21:00:05.000+0000,b12iqswzn6scr5yjvv8f,P1000709,5/19/21 21:00,681b365ec0a80164000fb0b05854a0cd,,,FALSE,Hardware,FALSE,,,,,,Production,,e7c1f3d53790200044e0bfc8bcbe5deb,,,USD,,64,128,8,Intel Corp,Xeon E-2278GE,3300,Intel Xeon E-2278GE 3300 Mhz,Xeon E,0,,,,,40,,,,,https://your.service-snow.com,,0,Intranet,,,,,,installed,,JasperBeardly.domain.local,JasperBeardly,4/26/21 0:00,1,41276,174.60.209.25,,39.414268,-77.410538,DC1,,,1,8228cda2ac1d55eb7029baf443945c37,BC:30:5B:8B:63:21,56826bf03710200044e0bfc8bcbe5dca,"Dell, Inc.",5f80e1a9c0a8010e001e8da618191a29,PowerEdge R750,FALSE,1,,Solaris,,,,10,,48343,128,,1809392269,FTP Server,FALSE,,Computer,,,cmdb_ci_unix_server,guest,4/26/21 0:00,global,53979c53c0a801640116ad2044643fb2,5,,brandon.peterson,4/26/21 0:00,,FALSE,Production,b7e7c073c0a801690143e7b7d29eb408,FALSE,8/28/22
2021-09-19T20:59:35.000+0000,21s1v2hadezkfarjfs50,P1000819,5/19/21 20:59,f682abf03710200044e0bfc8bcbe5d2f,,,FALSE,Hardware,FALSE,,,,,,Production,,e7c1f3d53790200044e0bfc8bcbe5deb,,3199.99,USD,,96,192,12,Intel Corp,Xeon W-1370,2900,Intel Xeon W-1370 2900 Mhz,Xeon W,0,,,,,40,,,,,https://your.service-snow.com,,0,Intranet,,,,,,installed,,MoeSzyslak.domain.local,MoeSzyslak,8/12/19 0:00,1,31901,86.32.66.147,,39.414268,-77.410538,DC1,,,1,8228cda2ac1d55eb7029baf443945c37,BC:30:5B:87:E2:CE,56826bf03710200044e0bfc8bcbe5dca,"Dell, Inc.",5f7e9a66c0a8010e008b58d466ed84b7,PowerEdge R940,FALSE,1,,AIX,,,,5L,,48343,128,,1703177416,FTP Server,FALSE,,Computer,,,cmdb_ci_unix_server,ronald.clark,8/12/19 0:00,global,5f9b83bfc0a8010e005a2b3212c9dc07,6,,clarence.foster,8/12/19 0:00,,FALSE,Production,b7e7c073c0a801690143e7b7d29eb408,FALSE,6/25/23
2021-09-19T20:57:49.000+0000,41pcjdv1ysoolyjjand5,P1000375,5/19/21 20:57,36ab86846f0e6500d8ca9122be3ee4a1,,,FALSE,Hardware,FALSE,-1,,,,,Production,,e7c1f3d53790200044e0bfc8bcbe5deb,,2160,USD,,8,16,1,AMD Inc,Epyc 72F3,3700,AMD Epyc 72F3 3700 Mhz,Epyc Gen 3,0,,,,,100,,,,,https://your.service-snow.com,,0,,,,,,,installed,,NelsonMuntz.domain.local,NelsonMuntz,3/9/21 0:00,1,20851,112.219.169.21,,35.779591,-78.638176,DC2,,,1,f48b21c20a0a0ba70037c842dbb8ffe0,BC:30:5B:83:38:7A,5137153cc611227c000bbd1bd8cd2007,"Dell, Inc.",47aa6b3f3763100044e0bfc8bcbe5d76,PowerEdge 7525,FALSE,1,,Linux Red Hat,,,,Enterprise,,51388,192,,2742705575,DB Server,FALSE,,Computer,,,cmdb_ci_server,lawrence.richardson,3/9/21 0:00,global,b0cbf176c0a80009002b452bc33e2fc3,9,,todd.hughes,3/9/21 0:00,,FALSE,,b7e7d7d8c0a8016900a5d7f291acce5c,FALSE,5/15/22
2021-09-19T20:58:11.000+0000,o6fckrx1fd8ylypa9g8b,P1000686,5/19/21 20:58,b682abf03710200044e0bfc8bcbe5d21,,,FALSE,Hardware,FALSE,,,,,,Production,,e7c1f3d53790200044e0bfc8bcbe5deb,,,USD,,8,16,1,Intel Corp,Xeon D-1649N,2300,Intel Xeon D-1649N 2300 Mhz,Xeon D,0,,,,,,,,,,https://your.service-snow.com,,0,Intranet,,,,,,installed,,JimboJones.domain.local,JimboJones,12/27/19 0:00,1,31805,38.111.253.122,,39.414268,-77.410538,DC1,,,1,f48b21c20a0a0ba70037c842dbb8ffe0,BC:30:5B:7F:77:76,5137153cc611227c000bbd1bd8cd2007,"Dell, Inc.",47aa6b3f3763100044e0bfc8bcbe5d76,PowerEdge R750,FALSE,1,,Windows Server 2016,,,,10.0.14393.4046,,51388,208,,4846702647,Exchange Server,FALSE,,Computer,,,cmdb_ci_server,donald.harris,12/27/19 0:00,global,827b692d0ad337021abb72d3737ff401,3,,john.johnson,12/27/19 0:00,,FALSE,Production,b7e7d7d8c0a8016900a5d7f291acce5c,FALSE,7/21/22
2021-09-19T20:59:23.000+0000,cfy77i89sjkibuyrqjhx,P1000703,5/19/21 20:59,7e82abf03710200044e0bfc8bcbe5d00,,,FALSE,Hardware,FALSE,-1,,,,,Production,,e7c1f3d53790200044e0bfc8bcbe5deb,,10015,USD,,8,16,1,Intel Corp,Xeon W-1370,2900,Intel Xeon W-1370 2900 Mhz,Xeon W,0,,,,,100,,,,,https://your.service-snow.com,,0,Intranet,,,,,,installed,,NedFlanders.domain.local,NedFlanders,5/1/21 0:00,1,44176,229.17.18.249,,39.414268,-77.410538,DC1,,,1,f48b21c20a0a0ba70037c842dbb8ffe0,BC:30:5B:39:6B:7F,5137153cc611227c000bbd1bd8cd2007,"Dell, Inc.",46d449d5a9fe198101952a675f442619,PowerEdge R940,FALSE,1,,Linux Red Hat,,,,Enterprise,,16623,208,,8504238290,DB Server,FALSE,,Computer,,,cmdb_ci_server,jeffrey.king,5/1/21 0:00,global,14a9e27bc61122750037b90c4d34da38,11,,juan.sanchez,5/1/21 0:00,,FALSE,,b7e7d7d8c0a8016900a5d7f291acce5c,FALSE,8/3/22
2021-09-19T21:00:02.000+0000,9ulprqt33be1u1q1rmma,P1000818,5/19/21 21:00,62d4a181c0a8010e0189dd6ec22324a2,,,FALSE,Hardware,FALSE,-1,,,,,Production,,e7c1f3d53790200044e0bfc8bcbe5deb,,10015,USD,,8,16,1,Intel Corp,Xeon E-2278GE,3300,Intel Xeon E-2278GE 3300 Mhz,Xeon E,0,,,,,100,,,,,https://your.service-snow.com,,0,Intranet,,,,,,installed,,KentBrockman.domain.local,KentBrockman,5/20/21 0:00,1,19143,11.253.40.91,,39.414268,-77.410538,DC1,,,1,f48b21c20a0a0ba70037c842dbb8ffe0,BC:30:5B:2B:EE:EC,5137153cc611227c000bbd1bd8cd2007,"Dell, Inc.",46d449d5a9fe198101952a675f442619,PowerEdge R750,FALSE,1,,Linux Red Hat,,,,Enterprise,,48343,208,,7421814483,DB Server,FALSE,,Computer,,,cmdb_ci_server,matthew.walker,5/20/21 0:00,global,14a9e27bc61122750037b90c4d34da38,11,,johnny.russell,5/20/21 0:00,,FALSE,,b7e7d7d8c0a8016900a5d7f291acce5c,FALSE,2/2/22
2021-09-19T20:59:56.000+0000,tul42gjq5n5mxw1wk4yj,P1000461,5/19/21 20:59,b682abf03710200044e0bfc8bcbe5d18,,,FALSE,Hardware,FALSE,-1,,,,,Production,,e7c1f3d53790200044e0bfc8bcbe5deb,,1599.99,USD,,8,16,1,Intel Corp,Xeon W-1370,2900,Intel Xeon W-1370 2900 Mhz,Xeon W,0,,,,,101.5,,,,,https://your.service-snow.com,,0,,,,,,,installed,,KrustyTheClown.domain.local,KrustyTheClown,4/8/21 0:00,1,38780,145.85.93.242,,39.414268,-77.410538,DC1,,,1,f48b21c20a0a0ba70037c842dbb8ffe0,BC:30:5B:1C:9C:22,5137153cc611227c000bbd1bd8cd2007,"Dell, Inc.",0c43b26cc611227501522de2ba7d82f1,PowerEdge R750,FALSE,1,,Windows Server 2016,,,,10.0.14393.4046,,48343,208,,3710220759,Domain Controller/Exchange Server/FTP Server,FALSE,,Computer,,,cmdb_ci_server,aaron.bennett,4/8/21 0:00,global,6cabe993c611222500bb025775ec8732,21,,henry.campbell,4/8/21 0:00,,FALSE,,b7e7d7d8c0a8016900a5d7f291acce5c,FALSE,6/1/22
2021-09-19T20:55:44.000+0000,7a35qzbmdja7e7av4ysp,P1000997,5/19/21 20:55,7a82abf03710200044e0bfc8bcbe5d1e,,,FALSE,Hardware,FALSE,,,,,,Production,,e7c1f3d53790200044e0bfc8bcbe5deb,,,USD,,8,16,1,AMD Inc,Epyc 72F3,3700,AMD Epyc 72F3 3700 Mhz,Epyc Gen 3,0,,,,,,,,,,https://your.service-snow.com,,0,Intranet,,,,,,installed,,KirkVanHouten.domain.local,KirkVanHouten,4/25/19 0:00,1,37849,176.107.187.7,,35.779591,-78.638176,DC2,,,1,f48b21c20a0a0ba70037c842dbb8ffe0,BC:30:5B:00:B9:D3,5137153cc611227c000bbd1bd8cd2007,"Dell, Inc.",47aa6b3f3763100044e0bfc8bcbe5d76,PowerEdge 7515,FALSE,1,,Windows Server 2016,,,,10.0.14393.4046,,17406,192,,9682176100,,FALSE,,Computer,,,cmdb_ci_server,william.brown,4/25/19 0:00,global,827b692d0ad337021abb72d3737ff401,3,,joseph.moore,4/25/19 0:00,,FALSE,Production,b7e7d7d8c0a8016900a5d7f291acce5c,FALSE,3/14/23
2021-09-19T20:59:56.000+0000,93jf3t8fi7ffesimv47i,P1000794,5/19/21 20:59,b682abf03710200044e0bfc8bcbe5d33,,,FALSE,Hardware,FALSE,,,,,,Production,,e7c1f3d53790200044e0bfc8bcbe5deb,,9599.99,USD,,64,128,8,Intel Corp,Xeon W-1370,2900,Intel Xeon W-1370 2900 Mhz,Xeon W,0,,,,,40,,,,,https://your.service-snow.com,,0,Intranet,,,,,,installed,,LennyLeonard.domain.local,LennyLeonard,1/12/20 0:00,1,44822,234.75.215.131,,39.414268,-77.410538,DC1,,,1,8228cda2ac1d55eb7029baf443945c37,BC:30:5B:00:65:E7,56826bf03710200044e0bfc8bcbe5dca,"Dell, Inc.",5f80e1a9c0a8010e001e8da618191a29,PowerEdge R750,FALSE,1,,Solaris,,,,10,,48343,192,,7314244048,FTP Server,FALSE,,Computer,,,cmdb_ci_unix_server,victor.perry,1/12/20 0:00,global,60ca3062c0a8010e0145c47fe9f3dc12,6,,todd.hughes,1/12/20 0:00,,FALSE,Production,b7e7c073c0a801690143e7b7d29eb408,FALSE,8/7/22
2021-09-19T20:54:22.000+0000,ws8yj696kgnoco1o33re,P1000205,5/19/21 20:54,8b82abf03710200044e0bfc8bcbe5d3e,,,FALSE,Hardware,FALSE,,,,,,Production,,e7c1f3d53790200044e0bfc8bcbe5deb,,,USD,,8,16,1,AMD Inc,Epyc 7252,3200,AMD Epyc 7252 3200 Mhz,Epyc Gen 2,0,,,,,,,,,,https://your.service-snow.com,,0,Intranet,,,,,,installed,,MonaSimpson.domain.local,MonaSimpson,2/19/21 0:00,1,18572,114.26.74.163,,39.710999,-105.088867,DC3,,,1,f48b21c20a0a0ba70037c842dbb8ffe0,BC:30:5B:00:10:06,5137153cc611227c000bbd1bd8cd2007,"Dell, Inc.",47aa6b3f3763100044e0bfc8bcbe5d76,PowerEdge 6525,FALSE,1,,Windows Server 2016,,,,10.0.14393.4046,,42538,16,,1741906222,,FALSE,,Computer,,,cmdb_ci_server,frank.wright,2/19/21 0:00,global,827b692d0ad337021abb72d3737ff401,3,,paul.jackson,2/19/21 0:00,,FALSE,Production,b7e7d7d8c0a8016900a5d7f291acce5c,FALSE,7/10/22
2021-09-19T21:00:34.000+0000,i4ulstnfoxj1k4r5hgnk,P1000388,5/19/21 21:00,46d1656aa9fe19810123a47c98f2d82f,,,FALSE,Hardware,FALSE,-1,,,,,Production,,e7c1f3d53790200044e0bfc8bcbe5deb,,0,USD,,32,64,4,Intel Corp,Xeon E-2278GE,3300,Intel Xeon E-2278GE 3300 Mhz,Xeon E,0,,,,,1689,,,,,https://your.service-snow.com,,0,,,,,,,installed,,ChiefClancyWiggum.domain.local,ChiefClancyWiggum,1/13/19 0:00,1,30673,163.209.176.236,,39.414268,-77.410538,DC1,,,1,f48b21c20a0a0ba70037c842dbb8ffe0,B8:AC:6F:D3:FE:C9,5137153cc611227c000bbd1bd8cd2007,"Dell, Inc.",47aa6b3f3763100044e0bfc8bcbe5d76,PowerEdge R750,FALSE,1,,HP/UX,,,,2.6.050,,25442,208,,2359080357,Network Attached Storage,FALSE,,Computer,,,cmdb_ci_server,robert.williams,1/13/19 0:00,global,6cb10db5c611222500bf34f43d2ff189,18,,kenneth.thompson,1/13/19 0:00,,FALSE,,b7e7d7d8c0a8016900a5d7f291acce5c,FALSE,4/1/22
2021-09-19T20:55:06.000+0000,wreyg0mtldz1z7ca8okt,P1000366,5/19/21 20:55,7a82abf03710200044e0bfc8bcbe5d15,,,FALSE,Hardware,FALSE,,,,,,Production,,e7c1f3d53790200044e0bfc8bcbe5deb,,10015,USD,,16,32,2,AMD Inc,Epyc 72F3,3700,AMD Epyc 72F3 3700 Mhz,Epyc Gen 3,0,,,,,200,,,,,https://your.service-snow.com,,0,Intranet,,,,,,installed,,CletusSpuckler.domain.local,CletusSpuckler,5/4/21 0:00,1,17026,42.174.182.160,,35.779591,-78.638176,DC2,,,1,f48b21c20a0a0ba70037c842dbb8ffe0,B8:AC:6F:C1:15:95,5137153cc611227c000bbd1bd8cd2007,"Dell, Inc.",46d449d5a9fe198101952a675f442619,PowerEdge 7515,FALSE,1,,Windows Server 2019,,,,10.0.17763,,12463,192,,9959627600,,FALSE,,Computer,,,cmdb_ci_server,louis.sanders,5/4/21 0:00,global,a9c68505c6112276017ee7d52f43e7c6,6,,victor.perry,5/4/21 0:00,,FALSE,,b7e7d7d8c0a8016900a5d7f291acce5c,FALSE,2/18/22
2021-09-19T21:00:31.000+0000,o3ak4lkqjiixt0wykydd,P1000412,5/19/21 21:00,cf82abf03710200044e0bfc8bcbe5d3c,,,FALSE,Hardware,FALSE,-1,,,,,Production,,e7c1f3d53790200044e0bfc8bcbe5deb,,0,USD,,8,16,1,Intel Corp,Xeon E-2278GE,3300,Intel Xeon E-2278GE 3300 Mhz,Xeon E,0,,,,,136,,,,,https://your.service-snow.com,,0,,,,,,,installed,,DeweyLargo.domain.local,DeweyLargo,1/31/20 0:00,1,52931,10.127.2.226,,39.414268,-77.410538,DC1,,,1,f48b23070a0a0ba7001d16a64c67589a,B8:AC:6F:99:50:4E,f298d2d2c611227b0106c6be7f154bc8,"Dell, Inc.",46d449d5a9fe198101952a675f442619,PowerEdge R750,FALSE,1,,Windows Server 2019,,,,10.0.17763,,48343,192,,6313019548,Print Server / Mom Server / ADP Server,FALSE,,Computer,,,cmdb_ci_server,randy.wood,1/31/20 0:00,global,6ccab11cc611222500e1549797d1c1e5,19,,douglas.phillips,1/31/20 0:00,,FALSE,,b7e7d7d8c0a8016900a5d7f291acce5c,FALSE,6/9/23
2021-09-19T20:58:30.000+0000,hr4q804imb385q28oaxp,P1000743,5/19/21 20:58,fe82abf03710200044e0bfc8bcbe5d21,,,FALSE,Hardware,FALSE,,,,,,Production,,e7c1f3d53790200044e0bfc8bcbe5deb,,3199.99,USD,,96,192,12,Intel Corp,Xeon W-1370,2900,Intel Xeon W-1370 2900 Mhz,Xeon W,0,,,,,40,,,,,https://your.service-snow.com,,0,Intranet,,,,,,installed,,DolphStarbeam.domain.local,DolphStarbeam,3/22/21 0:00,1,33548,26.83.162.201,,39.414268,-77.410538,DC1,,,1,8228cda2ac1d55eb7029baf443945c37,B8:AC:6F:76:FE:D1,56826bf03710200044e0bfc8bcbe5dca,"Dell, Inc.",5f7e9a66c0a8010e008b58d466ed84b7,PowerEdge R750,FALSE,1,,AIX,,,,5L,,51388,128,,6001863657,Domain Controller,FALSE,,Computer,,,cmdb_ci_unix_server,benjamin.ward,3/22/21 0:00,global,5f7dfd9cc0a8010e00ab58006f14bdc5,5,,edward.martinez,3/22/21 0:00,,FALSE,Production,b7e7c073c0a801690143e7b7d29eb408,FALSE,7/3/23
2021-09-19T20:54:44.000+0000,aa6gx4vjkzabqvvlzxhh,P1000598,5/19/21 20:54,96eace726fc16100d8ca9122be3ee4d3,,,FALSE,Hardware,FALSE,-1,,,,,Production,,e7c1f3d53790200044e0bfc8bcbe5deb,,0,USD,,32,64,4,AMD Inc,Epyc 7252,3200,AMD Epyc 7252 3200 Mhz,Epyc Gen 2,0,,,,,1689,,,,,https://your.service-snow.com,,0,,,,,,,installed,,DiscoStu.domain.local,DiscoStu,4/19/19 0:00,1,12456,138.29.8.31,,39.710999,-105.088867,DC3,,,1,f48b21c20a0a0ba70037c842dbb8ffe0,B8:AC:6F:6D:71:A1,5137153cc611227c000bbd1bd8cd2007,"Dell, Inc.",47aa6b3f3763100044e0bfc8bcbe5d76,PowerEdge 6525,FALSE,1,,HP/UX,,,,2.6.050,,31205,64,,3881926830,Network Attached Storage,FALSE,,Computer,,,cmdb_ci_server,russell.coleman,4/19/19 0:00,global,6cb10db5c611222500bf34f43d2ff189,18,,daniel.thomas,4/19/19 0:00,,FALSE,,b7e7d7d8c0a8016900a5d7f291acce5c,FALSE,11/23/23
2021-09-19T20:55:17.000+0000,gfvw3mkma896x1gimvuq,P1000781,5/19/21 20:55,f6826bf03710200044e0bfc8bcbe5dfd,,,FALSE,Hardware,FALSE,,,,,,Production,,e7c1f3d53790200044e0bfc8bcbe5deb,,,USD,,64,128,8,AMD Inc,Epyc 72F3,3700,AMD Epyc 72F3 3700 Mhz,Epyc Gen 3,0,,,,,40,,,,,https://your.service-snow.com,,0,Intranet,,,,,,installed,,BabyGerald.domain.local,BabyGerald,8/26/20 0:00,1,16350,194.104.63.121,,35.779591,-78.638176,DC2,,,1,8228cda2ac1d55eb7029baf443945c37,A4:BA:DB:E4:44:F0,56826bf03710200044e0bfc8bcbe5dca,"Dell, Inc.",5f80e1a9c0a8010e001e8da618191a29,PowerEdge 7515,FALSE,1,,Solaris,,,,10,,28718,128,,4594286433,,FALSE,,Computer,,,cmdb_ci_unix_server,todd.hughes,8/26/20 0:00,global,53979c53c0a801640116ad2044643fb2,5,,albert.rogers,8/26/20 0:00,,FALSE,Production,b7e7c073c0a801690143e7b7d29eb408,FALSE,12/17/21
2021-09-19T20:56:14.000+0000,2tydazspm9rg99zb27kd,P1000604,5/19/21 20:56,f282abf03710200044e0bfc8bcbe5d2d,,,FALSE,Hardware,FALSE,,,,,,Production,,e7c1f3d53790200044e0bfc8bcbe5deb,,3199.99,USD,,96,192,12,AMD Inc,Epyc 72F3,3700,AMD Epyc 72F3 3700 Mhz,Epyc Gen 3,0,,,,,40,,,,,https://your.service-snow.com,,0,Intranet,,,,,,installed,,ArniePye.domain.local,ArniePye,9/24/19 0:00,1,34873,118.131.152.132,,35.779591,-78.638176,DC2,,,1,8228cda2ac1d55eb7029baf443945c37,A4:BA:DB:DA:50:61,56826bf03710200044e0bfc8bcbe5dca,"Dell, Inc.",5f7e9a66c0a8010e008b58d466ed84b7,PowerEdge 7525,FALSE,1,,AIX,,,,5L,,26078,208,,4597667375,,FALSE,,Computer,,,cmdb_ci_unix_server,philip.bryant,9/24/19 0:00,global,5f7dfd9cc0a8010e00ab58006f14bdc5,5,,benjamin.ward,9/24/19 0:00,,FALSE,Production,b7e7c073c0a801690143e7b7d29eb408,FALSE,8/21/22
2021-09-19T21:01:10.000+0000,02niu6llw7wr0wnkule8,P1000594,5/19/21 21:01,46d77b47a9fe1981007c0b3faff3edf8,,,FALSE,Hardware,FALSE,-1,,,,,Production,,e7c1f3d53790200044e0bfc8bcbe5deb,,0,USD,,8,16,1,Intel Corp,Xeon E-2278GE,3300,Intel Xeon E-2278GE 3300 Mhz,Xeon E,0,,,,,45,,,,,https://your.service-snow.com,,0,,,,,,,installed,,Apu.domain.local,Apu,12/31/19 0:00,1,33287,71.90.158.120,,39.414268,-77.410538,DC1,,,1,f48b21c20a0a0ba70037c842dbb8ffe0,A4:BA:DB:C1:0B:CE,5137153cc611227c000bbd1bd8cd2007,"Dell, Inc.",47aa6b3f3763100044e0bfc8bcbe5d76,PowerEdge R750,FALSE,1,,Windows Server 2016,,,,10.0.14393.4046,,32634,192,,5161402752,Payroll database,FALSE,,Computer,,,cmdb_ci_server,robert.williams,12/31/19 0:00,global,8d6916edc611222501dbb12bd683e36f,17,,samuel.bailey,12/31/19 0:00,,FALSE,,b7e7d7d8c0a8016900a5d7f291acce5c,FALSE,8/24/22
2021-09-19T21:01:07.000+0000,82e24bacrlccu4r1cf3m,P1000371,5/19/21 21:01,b282abf03710200044e0bfc8bcbe5d1f,,,FALSE,Hardware,FALSE,,,,,,Production,,e7c1f3d53790200044e0bfc8bcbe5deb,,10015,USD,,16,32,2,Intel Corp,Xeon E-2278GE,3300,Intel Xeon E-2278GE 3300 Mhz,Xeon E,0,,,,,200,,,,,https://your.service-snow.com,,0,Intranet,,,,,,installed,,BarneyGumble.domain.local,BarneyGumble,5/16/19 0:00,1,37139,244.188.139.112,,39.414268,-77.410538,DC1,,,1,f48b21c20a0a0ba70037c842dbb8ffe0,A4:BA:DB:AE:FC:4A,5137153cc611227c000bbd1bd8cd2007,"Dell, Inc.",46d449d5a9fe198101952a675f442619,PowerEdge R750,FALSE,1,,Windows Server 2019,,,,10.0.17763,,53674,128,,1325007990,Exchange Server,FALSE,,Computer,,,cmdb_ci_server,jonathan.reed,5/16/19 0:00,global,a9c68505c6112276017ee7d52f43e7c6,6,,kevin.lewis,5/16/19 0:00,,FALSE,,b7e7d7d8c0a8016900a5d7f291acce5c,FALSE,3/11/23
2021-09-19T20:55:59.000+0000,rom1ejhzpbn1lwfw4e55,P1000518,5/19/21 20:55,5137153cc611227c000bbd1bd8cd2006,,,FALSE,Hardware,FALSE,,,,,,Production,,e7c1f3d53790200044e0bfc8bcbe5deb,,3199.99,USD,,96,192,12,AMD Inc,Epyc 72F3,3700,AMD Epyc 72F3 3700 Mhz,Epyc Gen 3,0,,,,,40,,,,,https://your.service-snow.com,,0,Intranet,,,,,,installed,,BerniceHibbert.domain.local,BerniceHibbert,9/25/19 0:00,1,32502,45.76.55.114,,35.779591,-78.638176,DC2,,,1,8228cda2ac1d55eb7029baf443945c37,A4:BA:DB:A8:47:8C,56826bf03710200044e0bfc8bcbe5dca,"Dell, Inc.",5f7e9a66c0a8010e008b58d466ed84b7,PowerEdge 7525,FALSE,1,,AIX,,,,5L,,44197,192,,4839847718,,FALSE,,Computer,,,cmdb_ci_unix_server,walter.mitchell,9/25/19 0:00,global,5f9b83bfc0a8010e005a2b3212c9dc07,6,,terry.morgan,9/25/19 0:00,,FALSE,Production,b7e7c073c0a801690143e7b7d29eb408,FALSE,8/8/23
2021-09-19T21:00:55.000+0000,pd02dz7lflmx5bw2lw1d,P1000208,5/19/21 21:00,f2c0b27247702000cdd1706eecde27c8,,,FALSE,Hardware,FALSE,-1,,,,,Production,,e7c1f3d53790200044e0bfc8bcbe5deb,,2160,USD,,8,16,1,Intel Corp,Xeon E-2278GE,3300,Intel Xeon E-2278GE 3300 Mhz,Xeon E,0,,,,,100,,,,,https://your.service-snow.com,,0,,,,,,,installed,,BleedingGumsMurphy.domain.local,BleedingGumsMurphy,2/1/20 0:00,1,17413,131.116.189.172,,39.414268,-77.410538,DC1,,,1,f48b21c20a0a0ba70037c842dbb8ffe0,A4:BA:DB:77:0D:B4,5137153cc611227c000bbd1bd8cd2007,"Dell, Inc.",47aa6b3f3763100044e0bfc8bcbe5d76,PowerEdge R750,FALSE,1,,Linux Red Hat,,,,Enterprise,,39615,208,,9166820906,DB Server,FALSE,,Computer,,,cmdb_ci_server,henry.campbell,2/1/20 0:00,global,b0cbf176c0a80009002b452bc33e2fc3,9,,steve.kelly,2/1/20 0:00,,FALSE,,b7e7d7d8c0a8016900a5d7f291acce5c,FALSE,11/1/23
2021-09-19T20:55:02.000+0000,42t3v5yon74wgogci8bf,P1000248,5/19/21 20:55,b682abf03710200044e0bfc8bcbe5d33,,,FALSE,Hardware,FALSE,,,,,,Production,,e7c1f3d53790200044e0bfc8bcbe5deb,,9599.99,USD,,64,128,8,AMD Inc,Epyc 72F3,3700,AMD Epyc 72F3 3700 Mhz,Epyc Gen 3,0,,,,,40,,,,,https://your.service-snow.com,,0,Intranet,,,,,,installed,,AliceGlick.domain.local,AliceGlick,5/1/19 0:00,1,43628,27.165.45.133,,39.710999,-105.088867,DC3,,,1,8228cda2ac1d55eb7029baf443945c37,A4:BA:DB:6D:DE:95,56826bf03710200044e0bfc8bcbe5dca,"Dell, Inc.",5f80e1a9c0a8010e001e8da618191a29,PowerEdge 7515,FALSE,1,,Solaris,,,,10,,42429,128,,9120022209,,FALSE,,Computer,,,cmdb_ci_unix_server,alan.butler,5/1/19 0:00,global,60ca3062c0a8010e0145c47fe9f3dc12,6,,george.martin,5/1/19 0:00,,FALSE,Production,b7e7c073c0a801690143e7b7d29eb408,FALSE,6/10/23
2021-09-19T21:01:29.000+0000,n86nqwwgdgaqrau5vbjv,P1000685,5/19/21 21:01,46cd276ba9fe19810024aa59b51d6ef7,,,FALSE,Hardware,FALSE,,,,,,Production,,e7c1f3d53790200044e0bfc8bcbe5deb,,9599.99,USD,,64,128,8,Intel Corp,Xeon E-2278GE,3300,Intel Xeon E-2278GE 3300 Mhz,Xeon E,0,,,,,40,,,,,https://your.service-snow.com,,0,Intranet,,,,,,installed,,Bart.domain.local,Bart,2/8/21 0:00,1,36854,157.235.30.157,,39.414268,-77.410538,DC1,,,1,8228cda2ac1d55eb7029baf443945c37,A4:BA:DB:39:4D:61,56826bf03710200044e0bfc8bcbe5dca,"Dell, Inc.",5f80e1a9c0a8010e001e8da618191a29,PowerEdge R750,FALSE,1,,Solaris,,,,10,,32634,208,,6438973527,DB Server,FALSE,,Computer,,,cmdb_ci_unix_server,samuel.bailey,2/8/21 0:00,global,60ca3062c0a8010e0145c47fe9f3dc12,6,,jonathan.reed,2/8/21 0:00,,FALSE,Production,b7e7c073c0a801690143e7b7d29eb408,FALSE,8/2/22
2021-09-19T20:55:50.000+0000,s5x3yku2born4u9o8x5q,P1000029,5/19/21 20:55,fa826bf03710200044e0bfc8bcbe5df6,,,FALSE,Hardware,FALSE,-1,,,,,Production,,e7c1f3d53790200044e0bfc8bcbe5deb,,10015,USD,,8,16,1,AMD Inc,Epyc 72F3,3700,AMD Epyc 72F3 3700 Mhz,Epyc Gen 3,0,,,,,100,,,,,https://your.service-snow.com,,0,Intranet,,,,,,installed,,DrederickTatum.domain.local,DrederickTatum,9/22/19 0:00,1,26400,168.227.26.158,,35.779591,-78.638176,DC2,,,1,f48b21c20a0a0ba70037c842dbb8ffe0,A4:1F:72:FD:5D:08,5137153cc611227c000bbd1bd8cd2007,"Dell, Inc.",46d449d5a9fe198101952a675f442619,PowerEdge 7515,FALSE,1,,Linux Red Hat,,,,Enterprise,,24743,96,,8166040125,DB Server,FALSE,,Computer,,,cmdb_ci_server,larry.hernandez,9/22/19 0:00,global,14a9e27bc61122750037b90c4d34da38,11,,gary.hall,9/22/19 0:00,,FALSE,,b7e7d7d8c0a8016900a5d7f291acce5c,FALSE,3/11/23
2021-09-19T21:00:18.000+0000,bl1ixyziftuuwud9bpeg,P1000428,5/19/21 21:00,fe82abf03710200044e0bfc8bcbe5d2a,,,FALSE,Hardware,FALSE,-1,,,,,Production,,e7c1f3d53790200044e0bfc8bcbe5deb,,2160,USD,,8,16,1,Intel Corp,Xeon E-2278GE,3300,Intel Xeon E-2278GE 3300 Mhz,Xeon E,0,,,,,100,,,,,https://your.service-snow.com,,0,,,,,,,installed,,JaneyPowell.domain.local,JaneyPowell,10/1/19 0:00,1,32661,148.1.177.104,,39.414268,-77.410538,DC1,,,1,f48b21c20a0a0ba70037c842dbb8ffe0,A4:1F:72:D2:7B:69,5137153cc611227c000bbd1bd8cd2007,"Dell, Inc.",47aa6b3f3763100044e0bfc8bcbe5d76,PowerEdge R750,FALSE,1,,Linux Red Hat,,,,Enterprise,,48343,192,,1807887878,DB Server,FALSE,,Computer,,,cmdb_ci_server,ralph.cooper,10/1/19 0:00,global,b0cbf176c0a80009002b452bc33e2fc3,9,,kevin.lewis,10/1/19 0:00,,FALSE,,b7e7d7d8c0a8016900a5d7f291acce5c,FALSE,2/13/22
2021-09-19T20:58:20.000+0000,8fcmetyr3z1wozzw2dkr,P1000273,5/19/21 20:58,fa82abf03710200044e0bfc8bcbe5d1f,,,FALSE,Hardware,FALSE,-1,,,,,Production,,e7c1f3d53790200044e0bfc8bcbe5deb,,1599.99,USD,,8,16,1,Intel Corp,Xeon D-1649N,2300,Intel Xeon D-1649N 2300 Mhz,Xeon D,0,,,,,101.5,,,,,https://your.service-snow.com,,0,,,,,,,installed,,HermanHermann.domain.local,HermanHermann,2/3/20 0:00,1,55061,154.108.36.221,,39.414268,-77.410538,DC1,,,1,f48b21c20a0a0ba70037c842dbb8ffe0,A4:1F:72:C5:D7:A5,5137153cc611227c000bbd1bd8cd2007,"Dell, Inc.",0c43b26cc611227501522de2ba7d82f1,PowerEdge R750,FALSE,1,,Windows Server 2019,,,,10.0.17763,,51388,128,,7998820392,Domain Controller/Exchange Server/FTP Server,FALSE,,Computer,,,cmdb_ci_server,eric.hill,2/3/20 0:00,global,6cabe993c611222500bb025775ec8732,21,,willie.rivera,2/3/20 0:00,,FALSE,,b7e7d7d8c0a8016900a5d7f291acce5c,FALSE,12/8/21
2021-09-19T20:58:35.000+0000,6ka07kznd7ijeb45i5r8,P1000043,5/19/21 20:58,8f82abf03710200044e0bfc8bcbe5d40,,,FALSE,Hardware,FALSE,,,,,,Production,,e7c1f3d53790200044e0bfc8bcbe5deb,,3199.99,USD,,96,192,12,Intel Corp,Xeon W-1370,2900,Intel Xeon W-1370 2900 Mhz,Xeon W,0,,,,,40,,,,,https://your.service-snow.com,,0,Intranet,,,,,,installed,,CarlCarlson.domain.local,CarlCarlson,1/7/21 0:00,1,43140,62.68.52.232,,39.414268,-77.410538,DC1,,,1,8228cda2ac1d55eb7029baf443945c37,A4:1F:72:C1:3A:23,56826bf03710200044e0bfc8bcbe5dca,"Dell, Inc.",5f7e9a66c0a8010e008b58d466ed84b7,PowerEdge R750,FALSE,1,,AIX,,,,5L,,51388,96,,9871431004,Domain Controller,FALSE,,Computer,,,cmdb_ci_unix_server,daniel.thomas,1/7/21 0:00,global,5f9b83bfc0a8010e005a2b3212c9dc07,6,,nicholas.cox,1/7/21 0:00,,FALSE,Production,b7e7c073c0a801690143e7b7d29eb408,FALSE,5/13/22
2021-09-19T20:58:30.000+0000,k8uwpfhat35ueukw4gjg,P1000576,5/19/21 20:58,be82abf03710200044e0bfc8bcbe5d13,,,FALSE,Hardware,FALSE,-1,,,,,Production,,e7c1f3d53790200044e0bfc8bcbe5deb,,0,USD,,8,16,1,Intel Corp,Xeon D-1649N,2300,Intel Xeon D-1649N 2300 Mhz,Xeon D,0,,,,,45,,,,,https://your.service-snow.com,,0,,,,,,,installed,,DrJuliusHibbert.domain.local,DrJuliusHibbert,11/28/19 0:00,1,47041,139.194.204.69,,39.414268,-77.410538,DC1,,,1,f48b21c20a0a0ba70037c842dbb8ffe0,A4:1F:72:A2:2B:93,5137153cc611227c000bbd1bd8cd2007,"Dell, Inc.",47aa6b3f3763100044e0bfc8bcbe5d76,PowerEdge R940,FALSE,1,,Windows Server 2016,,,,10.0.14393.4046,,51388,224,,6185480693,File / Web (Intranet) / Payroll database,FALSE,,Computer,,,cmdb_ci_server,terry.morgan,11/28/19 0:00,global,8d6916edc611222501dbb12bd683e36f,17,,joe.stewart,11/28/19 0:00,,FALSE,,b7e7d7d8c0a8016900a5d7f291acce5c,FALSE,10/24/23
2021-09-19T20:58:21.000+0000,91axmh8vf4wb082vckjc,P1000809,5/19/21 20:58,ba82abf03710200044e0bfc8bcbe5d11,,,FALSE,Hardware,FALSE,-1,,,,,Production,,e7c1f3d53790200044e0bfc8bcbe5deb,,10015,USD,,8,16,1,Intel Corp,Xeon D-1649N,2300,Intel Xeon D-1649N 2300 Mhz,Xeon D,0,,,,,100,,,,,https://your.service-snow.com,,0,Intranet,,,,,,installed,,HelenLovejoy.domain.local,HelenLovejoy,9/12/19 0:00,1,41396,14.107.47.41,,39.414268,-77.410538,DC1,,,1,f48b21c20a0a0ba70037c842dbb8ffe0,A4:1F:72:8B:5D:05,5137153cc611227c000bbd1bd8cd2007,"Dell, Inc.",46d449d5a9fe198101952a675f442619,PowerEdge R750,FALSE,1,,Linux Red Hat,,,,Enterprise,,51388,192,,4273778898,DB Server,FALSE,,Computer,,,cmdb_ci_server,johnny.russell,9/12/19 0:00,global,14a9e27bc61122750037b90c4d34da38,11,,nicholas.cox,9/12/19 0:00,,FALSE,,b7e7d7d8c0a8016900a5d7f291acce5c,FALSE,12/16/22
2021-09-19T20:58:25.000+0000,io5fednk9k0lyarrpdob,P1000821,5/19/21 20:58,71c3b0d71b302000aebbfbcd2c0713a8,,,FALSE,Hardware,FALSE,,,,,,Production,,e7c1f3d53790200044e0bfc8bcbe5deb,,9599.99,USD,,64,128,8,Intel Corp,Xeon D-1649N,2300,Intel Xeon D-1649N 2300 Mhz,Xeon D,0,,,,,40,,,,,https://your.service-snow.com,,0,Intranet,,,,,,installed,,DrNickRiviera.domain.local,DrNickRiviera,1/3/19 0:00,1,23555,156.59.128.134,,39.414268,-77.410538,DC1,,,1,8228cda2ac1d55eb7029baf443945c37,A4:1F:72:7B:37:34,56826bf03710200044e0bfc8bcbe5dca,"Dell, Inc.",5f80e1a9c0a8010e001e8da618191a29,PowerEdge R750,FALSE,1,,Solaris,,,,10,,51388,128,,3343712321,Domain Controller,FALSE,,Computer,,,cmdb_ci_unix_server,willie.rivera,1/3/19 0:00,global,60ca3062c0a8010e0145c47fe9f3dc12,6,,brian.robinson,1/3/19 0:00,,FALSE,Production,b7e7c073c0a801690143e7b7d29eb408,FALSE,6/11/23
2021-09-19T21:01:18.000+0000,eay2i7tboqkynyk7s3i0,P1000779,5/19/21 21:01,be826bf03710200044e0bfc8bcbe5dfc,,,FALSE,Hardware,FALSE,,,,,,Production,,e7c1f3d53790200044e0bfc8bcbe5deb,,,USD,,64,128,8,Intel Corp,Xeon E-2278GE,3300,Intel Xeon E-2278GE 3300 Mhz,Xeon E,0,,,,,40,,,,,https://your.service-snow.com,,0,Intranet,,,,,,installed,,GrandpaAbe.domain.local,GrandpaAbe,3/4/21 0:00,1,41394,239.40.113.149,,39.414268,-77.410538,DC1,,,1,8228cda2ac1d55eb7029baf443945c37,A4:1F:72:69:6B:B7,56826bf03710200044e0bfc8bcbe5dca,"Dell, Inc.",5f80e1a9c0a8010e001e8da618191a29,PowerEdge R750,FALSE,1,,Solaris,,,,10,,32634,64,,9715792621,Exchange Server,FALSE,,Computer,,,cmdb_ci_unix_server,john.johnson,3/4/21 0:00,global,53979c53c0a801640116ad2044643fb2,5,,clarence.foster,3/4/21 0:00,,FALSE,Production,b7e7c073c0a801690143e7b7d29eb408,FALSE,5/10/23
2021-09-19T21:00:21.000+0000,h5ln268sdja9qho95qad,P1000696,5/19/21 21:00,b682abf03710200044e0bfc8bcbe5d21,,,FALSE,Hardware,FALSE,-1,,,,,Production,,e7c1f3d53790200044e0bfc8bcbe5deb,,0,USD,,8,16,1,Intel Corp,Xeon E-2278GE,3300,Intel Xeon E-2278GE 3300 Mhz,Xeon E,0,,,,,136,,,,,https://your.service-snow.com,,0,,,,,,,installed,,ItchynScratchy.domain.local,ItchynScratchy,12/3/20 0:00,1,42744,120.97.14.16,,39.414268,-77.410538,DC1,,,1,f48b23070a0a0ba7001d16a64c67589a,A4:1F:72:54:BA:D4,f298d2d2c611227b0106c6be7f154bc8,"Dell, Inc.",46d449d5a9fe198101952a675f442619,PowerEdge R750,FALSE,1,,Windows Server 2019,,,,10.0.17763,,48343,128,,6317724227,Print Server / Mom Server / ADP Server,FALSE,,Computer,,,cmdb_ci_server,robert.williams,12/3/20 0:00,global,6ccab11cc611222500e1549797d1c1e5,19,,craig.washington,12/3/20 0:00,,FALSE,,b7e7d7d8c0a8016900a5d7f291acce5c,FALSE,12/18/21
2021-09-19T20:58:18.000+0000,f3605ddui93yatpe6lw0,P1000376,5/19/21 20:58,b682abf03710200044e0bfc8bcbe5d33,,,FALSE,Hardware,FALSE,,,,,,Production,,e7c1f3d53790200044e0bfc8bcbe5deb,,3199.99,USD,,96,192,12,Intel Corp,Xeon D-1649N,2300,Intel Xeon D-1649N 2300 Mhz,Xeon D,0,,,,,40,,,,,https://your.service-snow.com,,0,Intranet,,,,,,installed,,JacquelineBouvier.domain.local,JacquelineBouvier,5/2/19 0:00,1,24390,59.214.219.0,,39.414268,-77.410538,DC1,,,1,8228cda2ac1d55eb7029baf443945c37,A4:1F:72:50:AC:54,56826bf03710200044e0bfc8bcbe5dca,"Dell, Inc.",5f7e9a66c0a8010e008b58d466ed84b7,PowerEdge R750,FALSE,1,,AIX,,,,5L,,51388,208,,8396299499,Exchange Server,FALSE,,Computer,,,cmdb_ci_unix_server,benjamin.ward,5/2/19 0:00,global,5f9b83bfc0a8010e005a2b3212c9dc07,6,,timothy.allen,5/2/19 0:00,,FALSE,Production,b7e7c073c0a801690143e7b7d29eb408,FALSE,10/22/23
2021-09-19T20:55:54.000+0000,11tchqxojrfqqyceqmj7,P1000418,5/19/21 20:55,fa82abf03710200044e0bfc8bcbe5d16,,,FALSE,Hardware,FALSE,-1,,,,,Production,,e7c1f3d53790200044e0bfc8bcbe5deb,,0,USD,,8,16,1,AMD Inc,Epyc 72F3,3700,AMD Epyc 72F3 3700 Mhz,Epyc Gen 3,0,,,,,136,,,,,https://your.service-snow.com,,0,,,,,,,installed,,BumblebeeMan.domain.local,BumblebeeMan,8/31/20 0:00,1,14358,241.13.169.86,,35.779591,-78.638176,DC2,,,1,f48b23070a0a0ba7001d16a64c67589a,A4:1F:72:25:6B:BF,f298d2d2c611227b0106c6be7f154bc8,"Dell, Inc.",46d449d5a9fe198101952a675f442619,PowerEdge 7525,FALSE,1,,Windows Server 2019,,,,10.0.17763,,45211,64,,9866554943,Print Server / Mom Server / ADP Server,FALSE,,Computer,,,cmdb_ci_server,bruce.torres,8/31/20 0:00,global,6ccab11cc611222500e1549797d1c1e5,19,,chris.alexander,8/31/20 0:00,,FALSE,,b7e7d7d8c0a8016900a5d7f291acce5c,FALSE,7/4/23
2021-09-19T20:55:46.000+0000,x4m775724mtugtwnf1yf,P1000063,5/19/21 20:55,dcd3897c6f5d6100d8ca9122be3ee4f0,,,FALSE,Hardware,FALSE,-1,,,,,Production,,e7c1f3d53790200044e0bfc8bcbe5deb,,1599.99,USD,,8,16,1,AMD Inc,Epyc 72F3,3700,AMD Epyc 72F3 3700 Mhz,Epyc Gen 3,0,,,,,101.5,,,,,https://your.service-snow.com,,0,,,,,,,installed,,HansMoleman.domain.local,HansMoleman,2/9/20 0:00,1,30535,225.84.216.121,,35.779591,-78.638176,DC2,,,1,f48b21c20a0a0ba70037c842dbb8ffe0,A4:1F:72:1F:42:A2,5137153cc611227c000bbd1bd8cd2007,"Dell, Inc.",0c43b26cc611227501522de2ba7d82f1,PowerEdge 7515,FALSE,1,,Windows Server 2019,,,,10.0.17763,,17406,128,,1113346254,Domain Controller/Exchange Server/FTP Server,FALSE,,Computer,,,cmdb_ci_server,thomas.taylor,2/9/20 0:00,global,6cabe993c611222500bb025775ec8732,21,,scott.lopez,2/9/20 0:00,,FALSE,,b7e7d7d8c0a8016900a5d7f291acce5c,FALSE,1/31/23
2021-09-19T20:54:48.000+0000,3l04b602xdncxrlswnrk,P1000936,5/19/21 20:54,8d5938070a0a0a6b00f8a5e8d3375606,,,FALSE,Hardware,FALSE,,,,,,Production,,e7c1f3d53790200044e0bfc8bcbe5deb,,3199.99,USD,,96,192,12,AMD Inc,Epyc 7252,3200,AMD Epyc 7252 3200 Mhz,Epyc Gen 2,0,,,,,40,,,,,https://your.service-snow.com,,0,Intranet,,,,,,installed,,BrandineSpuckler.domain.local,BrandineSpuckler,1/11/20 0:00,1,51986,164.111.151.133,,39.710999,-105.088867,DC3,,,1,8228cda2ac1d55eb7029baf443945c37,A4:1F:72:04:33:63,56826bf03710200044e0bfc8bcbe5dca,"Dell, Inc.",5f7e9a66c0a8010e008b58d466ed84b7,PowerEdge 6525,FALSE,1,,AIX,,,,5L,,50444,32,,7399144471,,FALSE,,Computer,,,cmdb_ci_unix_server,ralph.cooper,1/11/20 0:00,global,5f9ba346c0a8010e00158183aaa1eb24,4,,howard.barnes,1/11/20 0:00,,FALSE,Production,b7e7c073c0a801690143e7b7d29eb408,FALSE,9/5/23
2021-09-19T21:01:30.000+0000,ad3lq5joyevpau8mog9q,P1000663,5/19/21 21:01,7e82abf03710200044e0bfc8bcbe5d29,,,FALSE,Hardware,FALSE,,,,,,Production,,e7c1f3d53790200044e0bfc8bcbe5deb,,,USD,,8,16,1,Intel Corp,Xeon E-2278GE,3300,Intel Xeon E-2278GE 3300 Mhz,Xeon E,0,,,,,,,,,,https://your.service-snow.com,,0,Intranet,,,,,,installed,,Homer.domain.local,Homer,5/4/20 0:00,1,12820,150.208.115.165,,39.414268,-77.410538,DC1,,,1,f48b21c20a0a0ba70037c842dbb8ffe0,A4:1F:72:03:0B:D1,5137153cc611227c000bbd1bd8cd2007,"Dell, Inc.",47aa6b3f3763100044e0bfc8bcbe5d76,PowerEdge R750,FALSE,1,,Windows Server 2016,,,,10.0.14393.4046,,32634,192,,7018507847,DB Server,FALSE,,Computer,,,cmdb_ci_server,guest,5/4/20 0:00,global,827b692d0ad337021abb72d3737ff401,3,,todd.hughes,5/4/20 0:00,,FALSE,Production,b7e7d7d8c0a8016900a5d7f291acce5c,FALSE,4/15/22
2021-09-19T20:56:20.000+0000,bpc1qt4u37580ngbqcek,P1000714,5/19/21 20:56,b682abf03710200044e0bfc8bcbe5d18,,,FALSE,Hardware,FALSE,,,,,,Production,,e7c1f3d53790200044e0bfc8bcbe5deb,,10015,USD,,16,32,2,AMD Inc,Epyc 72F3,3700,AMD Epyc 72F3 3700 Mhz,Epyc Gen 3,0,,,,,200,,,,,https://your.service-snow.com,,0,Intranet,,,,,,installed,,Mr.Teeny.domain.local,Mr.Teeny,11/13/19 0:00,1,27691,90.9.38.11,,35.779591,-78.638176,DC2,,,1,f48b21c20a0a0ba70037c842dbb8ffe0,80:C1:6E:FC:EE:67,5137153cc611227c000bbd1bd8cd2007,HPE,46d449d5a9fe198101952a675f442619,PowerEdge 2800,FALSE,1,,Windows Server 2019,,,,10.0.17763,,29215,96,,6136849513,,FALSE,,Computer,,,cmdb_ci_server,russell.coleman,11/13/19 0:00,global,a9c68505c6112276017ee7d52f43e7c6,6,,eugene.ross,11/13/19 0:00,,FALSE,,b7e7d7d8c0a8016900a5d7f291acce5c,FALSE,7/21/22
2021-09-19T20:57:29.000+0000,8oqqdn2gto9ysbcr2amv,P1000212,5/19/21 20:57,f682abf03710200044e0bfc8bcbe5d14,,,FALSE,Hardware,FALSE,-1,,,,,Production,,e7c1f3d53790200044e0bfc8bcbe5deb,,0,USD,,32,64,4,AMD Inc,Epyc 72F3,3700,AMD Epyc 72F3 3700 Mhz,Epyc Gen 3,0,,,,,1689,,,,,https://your.service-snow.com,,0,,,,,,,installed,,ProfessorFrink.domain.local,ProfessorFrink,3/27/21 0:00,1,44578,5.166.136.119,,35.779591,-78.638176,DC2,,,1,f48b21c20a0a0ba70037c842dbb8ffe0,80:C1:6E:F2:1C:4F,5137153cc611227c000bbd1bd8cd2007,HPE,47aa6b3f3763100044e0bfc8bcbe5d76,ProLiant DL180,FALSE,1,,HP/UX,,,,2.6.050,,51388,128,,5075531211,Network Attached Storage,FALSE,,Computer,,,cmdb_ci_server,charles.wilson,3/27/21 0:00,global,6cb10db5c611222500bf34f43d2ff189,18,,joseph.moore,3/27/21 0:00,,FALSE,,b7e7d7d8c0a8016900a5d7f291acce5c,FALSE,6/18/22
2021-09-19T20:57:18.000+0000,g2yel7nl7p1jhfukiiqd,P1000678,5/19/21 20:57,7e82abf03710200044e0bfc8bcbe5d29,,,FALSE,Hardware,FALSE,,,,,,Production,,e7c1f3d53790200044e0bfc8bcbe5deb,,3199.99,USD,,96,192,12,AMD Inc,Epyc 72F3,3700,AMD Epyc 72F3 3700 Mhz,Epyc Gen 3,0,,,,,40,,,,,https://your.service-snow.com,,0,Intranet,,,,,,installed,,WiseGuy.domain.local,WiseGuy,4/1/21 0:00,1,32986,64.32.13.99,,35.779591,-78.638176,DC2,,,1,8228cda2ac1d55eb7029baf443945c37,80:C1:6E:E6:28:42,56826bf03710200044e0bfc8bcbe5dca,HPE,5f7e9a66c0a8010e008b58d466ed84b7,ProLiant DL180,FALSE,1,,AIX,,,,5L,,22927,96,,3630716036,,FALSE,,Computer,,,cmdb_ci_unix_server,anthony.rodriguez,4/1/21 0:00,global,5f9ba346c0a8010e00158183aaa1eb24,4,,terry.morgan,4/1/21 0:00,,FALSE,Production,b7e7c073c0a801690143e7b7d29eb408,FALSE,3/22/22
2021-09-19T20:57:23.000+0000,gd0dmyvqqyybs5m4cq85,P1000649,5/19/21 20:57,b682abf03710200044e0bfc8bcbe5d2a,,,FALSE,Hardware,FALSE,,,,,,Production,,e7c1f3d53790200044e0bfc8bcbe5deb,,10015,USD,,16,32,2,AMD Inc,Epyc 72F3,3700,AMD Epyc 72F3 3700 Mhz,Epyc Gen 3,0,,,,,200,,,,,https://your.service-snow.com,,0,Intranet,,,,,,installed,,SideshowMel.domain.local,SideshowMel,4/28/19 0:00,1,13422,186.104.225.55,,35.779591,-78.638176,DC2,,,1,f48b21c20a0a0ba70037c842dbb8ffe0,80:C1:6E:D4:7A:F8,5137153cc611227c000bbd1bd8cd2007,HPE,46d449d5a9fe198101952a675f442619,ProLiant DL180,FALSE,1,,Windows Server 2019,,,,10.0.17763,,51388,192,,5511803553,,FALSE,,Computer,,,cmdb_ci_server,jose.young,4/28/19 0:00,global,a9c68505c6112276017ee7d52f43e7c6,6,,ryan.edwards,4/28/19 0:00,,FALSE,,b7e7d7d8c0a8016900a5d7f291acce5c,FALSE,2/1/22
2021-09-19T20:57:26.000+0000,sbz6quc2m3jddc6ku90r,P1000578,5/19/21 20:57,fa826bf03710200044e0bfc8bcbe5df6,,,FALSE,Hardware,FALSE,-1,,,,,Production,,e7c1f3d53790200044e0bfc8bcbe5deb,,0,USD,,8,16,1,AMD Inc,Epyc 72F3,3700,AMD Epyc 72F3 3700 Mhz,Epyc Gen 3,0,,,,,136,,,,,https://your.service-snow.com,,0,,,,,,,installed,,RainierWolfcastle.domain.local,RainierWolfcastle,11/4/20 0:00,1,13939,204.20.32.2,,35.779591,-78.638176,DC2,,,1,f48b23070a0a0ba7001d16a64c67589a,80:C1:6E:D2:E7:93,f298d2d2c611227b0106c6be7f154bc8,HPE,46d449d5a9fe198101952a675f442619,ProLiant DL180,FALSE,1,,Windows Server 2019,,,,10.0.17763,,51388,208,,5745680655,Print Server / Mom Server / ADP Server,FALSE,,Computer,,,cmdb_ci_server,jerry.nelson,11/4/20 0:00,global,6ccab11cc611222500e1549797d1c1e5,19,,admin,11/4/20 0:00,,FALSE,,b7e7d7d8c0a8016900a5d7f291acce5c,FALSE,6/24/22
2021-09-19T20:57:24.000+0000,tyul6d90a4ugdi49fukk,P1000840,5/19/21 20:57,b682abf03710200044e0bfc8bcbe5d2a,,,FALSE,Hardware,FALSE,,,,,,Production,,e7c1f3d53790200044e0bfc8bcbe5deb,,3199.99,USD,,96,192,12,AMD Inc,Epyc 72F3,3700,AMD Epyc 72F3 3700 Mhz,Epyc Gen 3,0,,,,,40,,,,,https://your.service-snow.com,,0,Intranet,,,,,,installed,,RodFlanders.domain.local,RodFlanders,8/7/20 0:00,1,48395,66.91.87.40,,35.779591,-78.638176,DC2,,,1,8228cda2ac1d55eb7029baf443945c37,80:C1:6E:8A:05:47,56826bf03710200044e0bfc8bcbe5dca,HPE,5f7e9a66c0a8010e008b58d466ed84b7,ProLiant DL180,FALSE,1,,AIX,,,,5L,,51388,208,,8978080318,,FALSE,,Computer,,,cmdb_ci_unix_server,timothy.allen,8/7/20 0:00,global,5f9b83bfc0a8010e005a2b3212c9dc07,6,,michael.jones,8/7/20 0:00,,FALSE,Production,b7e7c073c0a801690143e7b7d29eb408,FALSE,8/27/23
2021-09-19T20:56:24.000+0000,msnudu9fpobg6m6qpk77,P1000833,5/19/21 20:56,f682abf03710200044e0bfc8bcbe5d38,,,FALSE,Hardware,FALSE,-1,,,,,Production,,e7c1f3d53790200044e0bfc8bcbe5deb,,2160,USD,,8,16,1,AMD Inc,Epyc 72F3,3700,AMD Epyc 72F3 3700 Mhz,Epyc Gen 3,0,,,,,100,,,,,https://your.service-snow.com,,0,,,,,,,installed,,LuannVanHouten.domain.local,LuannVanHouten,4/18/21 0:00,1,24819,45.38.235.246,,35.779591,-78.638176,DC2,,,1,f48b21c20a0a0ba70037c842dbb8ffe0,80:C1:6E:62:EB:37,5137153cc611227c000bbd1bd8cd2007,HPE,47aa6b3f3763100044e0bfc8bcbe5d76,ProLiant DL180,FALSE,1,,Linux Red Hat,,,,Enterprise,,29215,64,,5766967295,DB Server,FALSE,,Computer,,,cmdb_ci_server,martin.powell,4/18/21 0:00,global,b0cbf176c0a80009002b452bc33e2fc3,9,,jerry.nelson,4/18/21 0:00,,FALSE,,b7e7d7d8c0a8016900a5d7f291acce5c,FALSE,6/18/22
2021-09-19T20:57:22.000+0000,9st2l5pi0owz9zj71g7o,P1000187,5/19/21 20:57,b682abf03710200044e0bfc8bcbe5d18,,,FALSE,Hardware,FALSE,-1,,,,,Production,,e7c1f3d53790200044e0bfc8bcbe5deb,,0,USD,,8,16,1,AMD Inc,Epyc 72F3,3700,AMD Epyc 72F3 3700 Mhz,Epyc Gen 3,0,,,,,45,,,,,https://your.service-snow.com,,0,,,,,,,installed,,TroyMcClure.domain.local,TroyMcClure,3/16/21 0:00,1,41665,68.253.231.167,,35.779591,-78.638176,DC2,,,1,f48b21c20a0a0ba70037c842dbb8ffe0,80:C1:6E:2E:69:C0,5137153cc611227c000bbd1bd8cd2007,HPE,47aa6b3f3763100044e0bfc8bcbe5d76,ProLiant DL180,FALSE,1,,Windows Server 2016,,,,10.0.14393.4046,,24219,64,,2044533609,File / Web (Intranet) / Payroll database,FALSE,,Computer,,,cmdb_ci_server,alan.butler,3/16/21 0:00,global,8d6916edc611222501dbb12bd683e36f,17,,jose.young,3/16/21 0:00,,FALSE,,b7e7d7d8c0a8016900a5d7f291acce5c,FALSE,11/20/23
2021-09-19T21:01:29.000+0000,3f7xao134vgkg4z3uxvd,P1000683,5/19/21 21:01,ba82abf03710200044e0bfc8bcbe5d11,,,FALSE,Hardware,FALSE,,,,,,Production,,e7c1f3d53790200044e0bfc8bcbe5deb,,3199.99,USD,,96,192,12,Intel Corp,Xeon E-2278GE,3300,Intel Xeon E-2278GE 3300 Mhz,Xeon E,0,,,,,40,,,,,https://your.service-snow.com,,0,Intranet,,,,,,installed,,Marge.domain.local,Marge,10/31/20 0:00,1,19406,102.111.214.237,,39.414268,-77.410538,DC1,,,1,8228cda2ac1d55eb7029baf443945c37,5C:F9:DD:F2:93:EE,56826bf03710200044e0bfc8bcbe5dca,"Dell, Inc.",5f7e9a66c0a8010e008b58d466ed84b7,PowerEdge R750,FALSE,1,,AIX,,,,5L,,32634,128,,2157975807,DB Server,FALSE,,Computer,,,cmdb_ci_unix_server,michael.jones,10/31/20 0:00,global,5f7dfd9cc0a8010e00ab58006f14bdc5,5,,louis.sanders,10/31/20 0:00,,FALSE,Production,b7e7c073c0a801690143e7b7d29eb408,FALSE,1/24/23
2021-09-19T20:59:36.000+0000,en9t4f294rg8katkyosd,P1000767,5/19/21 20:59,fa826bf03710200044e0bfc8bcbe5df6,,,FALSE,Hardware,FALSE,,,,,,Production,,e7c1f3d53790200044e0bfc8bcbe5deb,,,USD,,8,16,1,Intel Corp,Xeon W-1370,2900,Intel Xeon W-1370 2900 Mhz,Xeon W,0,,,,,,,,,,https://your.service-snow.com,,0,Intranet,,,,,,installed,,MarvinMonroe.domain.local,MarvinMonroe,10/15/19 0:00,1,32535,52.27.186.248,,39.414268,-77.410538,DC1,,,1,f48b21c20a0a0ba70037c842dbb8ffe0,5C:F9:DD:C9:9F:F7,5137153cc611227c000bbd1bd8cd2007,"Dell, Inc.",47aa6b3f3763100044e0bfc8bcbe5d76,PowerEdge R940,FALSE,1,,Windows Server 2016,,,,10.0.14393.4046,,48343,128,,2393303047,Payroll database,FALSE,,Computer,,,cmdb_ci_server,samuel.bailey,10/15/19 0:00,global,827b692d0ad337021abb72d3737ff401,3,,louis.sanders,10/15/19 0:00,,FALSE,Production,b7e7d7d8c0a8016900a5d7f291acce5c,FALSE,4/29/23
2021-09-19T20:55:03.000+0000,5gbe4gr7ntb8j729qfc2,P1000271,5/19/21 20:55,fa82abf03710200044e0bfc8bcbe5d08,,,FALSE,Hardware,FALSE,-1,,,,,Production,,e7c1f3d53790200044e0bfc8bcbe5deb,,0,USD,,8,16,1,AMD Inc,Epyc 72F3,3700,AMD Epyc 72F3 3700 Mhz,Epyc Gen 3,0,,,,,45,,,,,https://your.service-snow.com,,0,,,,,,,installed,,MissSpringfield.domain.local,MissSpringfield,4/21/21 0:00,1,55023,101.252.25.221,,39.710999,-105.088867,DC3,,,1,f48b21c20a0a0ba70037c842dbb8ffe0,5C:F9:DD:C2:E7:47,5137153cc611227c000bbd1bd8cd2007,"Dell, Inc.",47aa6b3f3763100044e0bfc8bcbe5d76,PowerEdge 7515,FALSE,1,,Windows Server 2016,,,,10.0.14393.4046,,42429,96,,9251995803,File / Web (Intranet) / Payroll database,FALSE,,Computer,,,cmdb_ci_server,donald.harris,4/21/21 0:00,global,8d6916edc611222501dbb12bd683e36f,17,,victor.perry,4/21/21 0:00,,FALSE,,b7e7d7d8c0a8016900a5d7f291acce5c,FALSE,8/14/22
2021-09-19T20:57:54.000+0000,dnz1r9o7k4dyadz8ra10,P1000884,5/19/21 20:57,7e82abf03710200044e0bfc8bcbe5d32,,,FALSE,Hardware,FALSE,-1,,,,,Production,,e7c1f3d53790200044e0bfc8bcbe5deb,,0,USD,,8,16,1,AMD Inc,Epyc 72F3,3700,AMD Epyc 72F3 3700 Mhz,Epyc Gen 3,0,,,,,136,,,,,https://your.service-snow.com,,0,,,,,,,installed,,MaudeFlanders.domain.local,MaudeFlanders,1/31/20 0:00,1,42712,119.43.87.9,,39.414268,-77.410538,DC1,,,1,f48b23070a0a0ba7001d16a64c67589a,5C:F9:DD:A2:A5:B4,f298d2d2c611227b0106c6be7f154bc8,"Dell, Inc.",46d449d5a9fe198101952a675f442619,PowerEdge 7525,FALSE,1,,Windows Server 2019,,,,10.0.17763,,51388,96,,2499086354,Print Server / Mom Server / ADP Server,FALSE,,Computer,,,cmdb_ci_server,jonathan.reed,1/31/20 0:00,global,6ccab11cc611222500e1549797d1c1e5,19,,aaron.bennett,1/31/20 0:00,,FALSE,,b7e7d7d8c0a8016900a5d7f291acce5c,FALSE,10/29/23
2021-09-19T20:57:52.000+0000,v6hb3g1zwt06v2zy57xz,P1000141,5/19/21 20:57,b282abf03710200044e0bfc8bcbe5d16,,,FALSE,Hardware,FALSE,-1,,,,,Production,,e7c1f3d53790200044e0bfc8bcbe5deb,,0,USD,,32,64,4,AMD Inc,Epyc 72F3,3700,AMD Epyc 72F3 3700 Mhz,Epyc Gen 3,0,,,,,1689,,,,,https://your.service-snow.com,,0,,,,,,,installed,,MayorJoeQuimby.domain.local,MayorJoeQuimby,6/12/20 0:00,1,38040,47.251.131.52,,35.779591,-78.638176,DC2,,,1,f48b21c20a0a0ba70037c842dbb8ffe0,5C:F9:DD:5E:78:92,5137153cc611227c000bbd1bd8cd2007,"Dell, Inc.",47aa6b3f3763100044e0bfc8bcbe5d76,PowerEdge 7525,FALSE,1,,HP/UX,,,,2.6.050,,51388,128,,5933160601,Network Attached Storage,FALSE,,Computer,,,cmdb_ci_server,howard.barnes,6/12/20 0:00,global,6cb10db5c611222500bf34f43d2ff189,18,,douglas.phillips,6/12/20 0:00,,FALSE,,b7e7d7d8c0a8016900a5d7f291acce5c,FALSE,5/16/22
2021-09-19T20:59:46.000+0000,ipzrijo3ves4i7ebx5of,P1000646,5/19/21 20:59,fa82abf03710200044e0bfc8bcbe5d28,,,FALSE,Hardware,FALSE,,,,,,Production,,e7c1f3d53790200044e0bfc8bcbe5deb,,3199.99,USD,,96,192,12,Intel Corp,Xeon W-1370,2900,Intel Xeon W-1370 2900 Mhz,Xeon W,0,,,,,40,,,,,https://your.service-snow.com,,0,Intranet,,,,,,installed,,MartinPrince.domain.local,MartinPrince,1/26/19 0:00,1,23439,51.65.53.138,,39.414268,-77.410538,DC1,,,1,8228cda2ac1d55eb7029baf443945c37,5C:F9:DD:1C:CF:B9,56826bf03710200044e0bfc8bcbe5dca,"Dell, Inc.",5f7e9a66c0a8010e008b58d466ed84b7,PowerEdge R940,FALSE,1,,AIX,,,,5L,,48343,96,,1153581367,Payroll database,FALSE,,Computer,,,cmdb_ci_unix_server,craig.washington,1/26/19 0:00,global,5f9ba346c0a8010e00158183aaa1eb24,4,,jose.young,1/26/19 0:00,,FALSE,Production,b7e7c073c0a801690143e7b7d29eb408,FALSE,2/21/22
2021-09-19T20:59:35.000+0000,y8eqbha6rgtpxn1qfp7n,P1000115,5/19/21 20:59,cf82abf03710200044e0bfc8bcbe5d3c,,,FALSE,Hardware,FALSE,-1,,,,,Production,,e7c1f3d53790200044e0bfc8bcbe5deb,,0,USD,,8,16,1,Intel Corp,Xeon W-1370,2900,Intel Xeon W-1370 2900 Mhz,Xeon W,0,,,,,45,,,,,https://your.service-snow.com,,0,,,,,,,installed,,MilhouseVanHouten.domain.local,MilhouseVanHouten,1/7/19 0:00,1,39082,215.53.251.160,,39.414268,-77.410538,DC1,,,1,f48b21c20a0a0ba70037c842dbb8ffe0,5C:F9:DD:09:70:8B,5137153cc611227c000bbd1bd8cd2007,"Dell, Inc.",47aa6b3f3763100044e0bfc8bcbe5d76,PowerEdge R940,FALSE,1,,Windows Server 2016,,,,10.0.14393.4046,,48343,192,,9139344942,File / Web (Intranet) / Payroll database,FALSE,,Computer,,,cmdb_ci_server,kevin.lewis,1/7/19 0:00,global,8d6916edc611222501dbb12bd683e36f,17,,jason.lee,1/7/19 0:00,,FALSE,,b7e7d7d8c0a8016900a5d7f291acce5c,FALSE,10/27/23
2021-09-19T21:01:18.000+0000,e6qgcdz2c9emdb3cz1uc,P1000490,5/19/21 21:01,c9884ac30a0a0bdb3879454e8f02774e,,,FALSE,Hardware,FALSE,-1,,,,,Production,,e7c1f3d53790200044e0bfc8bcbe5deb,,1599.99,USD,,8,16,1,Intel Corp,Xeon E-2278GE,3300,Intel Xeon E-2278GE 3300 Mhz,Xeon E,0,,,,,101.5,,,,,https://your.service-snow.com,,0,,,,,,,installed,,Maggie.domain.local,Maggie,7/5/19 0:00,1,30801,70.34.96.2,,39.414268,-77.410538,DC1,,,1,f48b21c20a0a0ba70037c842dbb8ffe0,5C:26:0A:C1:1E:70,5137153cc611227c000bbd1bd8cd2007,"Dell, Inc.",0c43b26cc611227501522de2ba7d82f1,PowerEdge R750,FALSE,1,,Windows Server 2019,,,,10.0.17763,,32634,192,,3789123911,Domain Controller,FALSE,,Computer,,,cmdb_ci_server,howard.barnes,7/5/19 0:00,global,6cabe993c611222500bb025775ec8732,21,,samuel.bailey,7/5/19 0:00,,FALSE,,b7e7d7d8c0a8016900a5d7f291acce5c,FALSE,11/3/23
2021-09-19T20:54:27.000+0000,3q1fp7nt74277sjc20th,P1000820,5/19/21 20:54,b282abf03710200044e0bfc8bcbe5d1f,,,FALSE,Hardware,FALSE,,,,,,Production,,e7c1f3d53790200044e0bfc8bcbe5deb,,3199.99,USD,,96,192,12,AMD Inc,Epyc 7252,3200,AMD Epyc 7252 3200 Mhz,Epyc Gen 2,0,,,,,40,,,,,https://your.service-snow.com,,0,Intranet,,,,,,installed,,Louie.domain.local,Louie,7/6/19 0:00,1,24036,230.82.86.111,,39.710999,-105.088867,DC3,,,1,8228cda2ac1d55eb7029baf443945c37,5C:26:0A:8B:0D:3E,56826bf03710200044e0bfc8bcbe5dca,"Dell, Inc.",5f7e9a66c0a8010e008b58d466ed84b7,PowerEdge 6525,FALSE,1,,AIX,,,,5L,,25456,32,,9103934064,,FALSE,,Computer,,,cmdb_ci_unix_server,william.brown,7/6/19 0:00,global,5f9ba346c0a8010e00158183aaa1eb24,4,,ralph.cooper,7/6/19 0:00,,FALSE,Production,b7e7c073c0a801690143e7b7d29eb408,FALSE,1/11/23
2021-09-19T20:55:36.000+0000,4udu86v8tbiolw0mnbcq,P1000485,5/19/21 20:55,7682abf03710200044e0bfc8bcbe5d37,,,FALSE,Hardware,FALSE,,,,,,Production,,e7c1f3d53790200044e0bfc8bcbe5deb,,9599.99,USD,,64,128,8,AMD Inc,Epyc 72F3,3700,AMD Epyc 72F3 3700 Mhz,Epyc Gen 3,0,,,,,40,,,,,https://your.service-snow.com,,0,Intranet,,,,,,installed,,LunchladyDoris.domain.local,LunchladyDoris,12/8/20 0:00,1,46448,34.213.232.153,,35.779591,-78.638176,DC2,,,1,8228cda2ac1d55eb7029baf443945c37,5C:26:0A:6A:A7:FC,56826bf03710200044e0bfc8bcbe5dca,"Dell, Inc.",5f80e1a9c0a8010e001e8da618191a29,PowerEdge 7515,FALSE,1,,Solaris,,,,10,,17406,64,,8354138699,,FALSE,,Computer,,,cmdb_ci_unix_server,justin.cook,12/8/20 0:00,global,60ca3062c0a8010e0145c47fe9f3dc12,6,,joseph.moore,12/8/20 0:00,,FALSE,Production,b7e7c073c0a801690143e7b7d29eb408,FALSE,11/29/22
2021-09-19T20:55:04.000+0000,bf6q46a8fkejhpjrvo3g,P1000693,5/19/21 20:55,7e82abf03710200044e0bfc8bcbe5d32,,,FALSE,Hardware,FALSE,-1,,,,,Production,,e7c1f3d53790200044e0bfc8bcbe5deb,,0,USD,,8,16,1,AMD Inc,Epyc 72F3,3700,AMD Epyc 72F3 3700 Mhz,Epyc Gen 3,0,,,,,136,,,,,https://your.service-snow.com,,0,,,,,,,installed,,LuigiRisotto.domain.local,LuigiRisotto,12/25/19 0:00,1,16265,189.0.66.222,,35.779591,-78.638176,DC2,,,1,f48b23070a0a0ba7001d16a64c67589a,5C:26:0A:63:07:53,f298d2d2c611227b0106c6be7f154bc8,"Dell, Inc.",46d449d5a9fe198101952a675f442619,PowerEdge 7515,FALSE,1,,Windows Server 2019,,,,10.0.17763,,32919,64,,2900882505,Print Server / Mom Server / ADP Server,FALSE,,Computer,,,cmdb_ci_server,christopher.anderson,12/25/19 0:00,global,6ccab11cc611222500e1549797d1c1e5,19,,eugene.ross,12/25/19 0:00,,FALSE,,b7e7d7d8c0a8016900a5d7f291acce5c,FALSE,4/1/23
2021-09-19T21:01:24.000+0000,i78y2nuojeo0pv5016mf,P1000698,5/19/21 21:01,7e82abf03710200044e0bfc8bcbe5d00,,,FALSE,Hardware,FALSE,,,,,,Production,,e7c1f3d53790200044e0bfc8bcbe5deb,,3199.99,USD,,96,192,12,Intel Corp,Xeon E-2278GE,3300,Intel Xeon E-2278GE 3300 Mhz,Xeon E,0,,,,,40,,,,,https://your.service-snow.com,,0,Intranet,,,,,,installed,,Lisa.domain.local,Lisa,3/19/20 0:00,1,36436,110.236.242.67,,39.414268,-77.410538,DC1,,,1,8228cda2ac1d55eb7029baf443945c37,5C:26:0A:38:CF:57,56826bf03710200044e0bfc8bcbe5dca,"Dell, Inc.",5f7e9a66c0a8010e008b58d466ed84b7,PowerEdge R750,FALSE,1,,AIX,,,,5L,,32634,208,,5119757776,FTP Server,FALSE,,Computer,,,cmdb_ci_unix_server,edward.martinez,3/19/20 0:00,global,5f9b83bfc0a8010e005a2b3212c9dc07,6,,howard.barnes,3/19/20 0:00,,FALSE,Production,b7e7c073c0a801690143e7b7d29eb408,FALSE,3/8/22
2021-09-19T20:59:51.000+0000,s51d9j2zc090nvc7kbo6,P1000086,5/19/21 20:59,f682abf03710200044e0bfc8bcbe5d2f,,,FALSE,Hardware,FALSE,,,,,,Production,,e7c1f3d53790200044e0bfc8bcbe5deb,,3199.99,USD,,96,192,12,Intel Corp,Xeon W-1370,2900,Intel Xeon W-1370 2900 Mhz,Xeon W,0,,,,,40,,,,,https://your.service-snow.com,,0,Intranet,,,,,,installed,,Lou.domain.local,Lou,2/19/19 0:00,1,48121,114.80.118.140,,39.414268,-77.410538,DC1,,,1,8228cda2ac1d55eb7029baf443945c37,5C:26:0A:2F:C1:73,56826bf03710200044e0bfc8bcbe5dca,"Dell, Inc.",5f7e9a66c0a8010e008b58d466ed84b7,PowerEdge R750,FALSE,1,,AIX,,,,5L,,48343,64,,5173426743,Payroll database,FALSE,,Computer,,,cmdb_ci_unix_server,shawn.simmons,2/19/19 0:00,global,5f7dfd9cc0a8010e00ab58006f14bdc5,5,,steven.garcia,2/19/19 0:00,,FALSE,Production,b7e7c073c0a801690143e7b7d29eb408,FALSE,10/5/23
2021-09-19T20:54:13.000+0000,4vfytc6xti9l2q5df77s,P1000912,5/19/21 20:54,46d96f57a9fe198101947a9620895886,,,FALSE,Hardware,FALSE,-1,,,,,Production,,e7c1f3d53790200044e0bfc8bcbe5deb,,0,USD,,8,16,1,AMD Inc,Epyc 7252,3200,AMD Epyc 7252 3200 Mhz,Epyc Gen 2,0,,,,,45,,,,,https://your.service-snow.com,,0,,,,,,,installed,,GilGunderson.domain.local,GilGunderson,11/22/19 0:00,1,46584,177.163.182.144,,39.710999,-105.088867,DC3,,,1,f48b21c20a0a0ba70037c842dbb8ffe0,00:18:8B:F2:11:7E,5137153cc611227c000bbd1bd8cd2007,"Dell, Inc.",47aa6b3f3763100044e0bfc8bcbe5d76,PowerEdge 6525,FALSE,1,,Windows Server 2016,,,,10.0.14393.4046,,48028,64,,1369677254,File / Web (Intranet) / Payroll database,FALSE,,Computer,,,cmdb_ci_server,albert.rogers,11/22/19 0:00,global,8d6916edc611222501dbb12bd683e36f,17,,raymond.adams,11/22/19 0:00,,FALSE,,b7e7d7d8c0a8016900a5d7f291acce5c,FALSE,9/3/23
2021-09-19T21:00:24.000+0000,1ja87x9zbeuwxu9u9qdv,P1000451,5/19/21 21:00,f282abf03710200044e0bfc8bcbe5d04,,,FALSE,Hardware,FALSE,-1,,,,,Production,,e7c1f3d53790200044e0bfc8bcbe5deb,,0,USD,,32,64,4,Intel Corp,Xeon E-2278GE,3300,Intel Xeon E-2278GE 3300 Mhz,Xeon E,0,,,,,1689,,,,,https://your.service-snow.com,,0,,,,,,,installed,,Eddie.domain.local,Eddie,4/30/20 0:00,1,36735,155.42.224.93,,39.414268,-77.410538,DC1,,,1,f48b21c20a0a0ba70037c842dbb8ffe0,00:18:8B:D8:83:7B,5137153cc611227c000bbd1bd8cd2007,"Dell, Inc.",47aa6b3f3763100044e0bfc8bcbe5d76,PowerEdge R750,FALSE,1,,HP/UX,,,,2.6.050,,48343,64,,2897343378,Network Attached Storage,FALSE,,Computer,,,cmdb_ci_server,raymond.adams,4/30/20 0:00,global,6cb10db5c611222500bf34f43d2ff189,18,,albert.rogers,4/30/20 0:00,,FALSE,,b7e7d7d8c0a8016900a5d7f291acce5c,FALSE,10/13/22
2021-09-19T21:00:23.000+0000,4bqgj3xez95ezijful5l,P1000315,5/19/21 21:00,71c3b0d71b302000aebbfbcd2c0713a8,,,FALSE,Hardware,FALSE,,,,,,Production,,e7c1f3d53790200044e0bfc8bcbe5deb,,10015,USD,,16,32,2,Intel Corp,Xeon E-2278GE,3300,Intel Xeon E-2278GE 3300 Mhz,Xeon E,0,,,,,200,,,,,https://your.service-snow.com,,0,Intranet,,,,,,installed,,EdnaKrabappel.domain.local,EdnaKrabappel,5/28/21 0:00,1,27593,97.131.241.18,,39.414268,-77.410538,DC1,,,1,f48b21c20a0a0ba70037c842dbb8ffe0,00:18:8B:D2:05:12,5137153cc611227c000bbd1bd8cd2007,"Dell, Inc.",46d449d5a9fe198101952a675f442619,PowerEdge R750,FALSE,1,,Windows Server 2019,,,,10.0.17763,,48343,96,,9042183799,Exchange Server,FALSE,,Computer,,,cmdb_ci_server,admin,5/28/21 0:00,global,a9c68505c6112276017ee7d52f43e7c6,6,,antonio.hayes,5/28/21 0:00,,FALSE,,b7e7d7d8c0a8016900a5d7f291acce5c,FALSE,7/12/22
2021-09-19T20:55:00.000+0000,qpf2ytal6q26yvs61tsx,P1000757,5/19/21 20:55,7282abf03710200044e0bfc8bcbe5d23,,,FALSE,Hardware,FALSE,,,,,,Production,,e7c1f3d53790200044e0bfc8bcbe5deb,,,USD,,8,16,1,AMD Inc,Epyc 72F3,3700,AMD Epyc 72F3 3700 Mhz,Epyc Gen 3,0,,,,,,,,,,https://your.service-snow.com,,0,Intranet,,,,,,installed,,Database.domain.local,Duffman,8/20/19 0:00,1,47461,186.245.245.76,,39.710999,-105.088867,DC3,,,1,f48b21c20a0a0ba70037c842dbb8ffe0,00:18:8B:AF:B3:20,5137153cc611227c000bbd1bd8cd2007,"Dell, Inc.",47aa6b3f3763100044e0bfc8bcbe5d76,PowerEdge 7515,FALSE,1,,Windows Server 2016,,,,10.0.14393.4046,,42429,64,,9181894391,,FALSE,,Computer,,,cmdb_ci_server,henry.campbell,8/20/19 0:00,global,827b692d0ad337021abb72d3737ff401,3,,martin.powell,8/20/19 0:00,,FALSE,Production,b7e7d7d8c0a8016900a5d7f291acce5c,FALSE,10/10/22
2021-09-19T20:58:22.000+0000,o1q8ntp6y4t4ew256wmf,P1000074,5/19/21 20:58,f282abf03710200044e0bfc8bcbe5d2d,,,FALSE,Hardware,FALSE,,,,,,Production,,e7c1f3d53790200044e0bfc8bcbe5deb,,3199.99,USD,,96,192,12,Intel Corp,Xeon D-1649N,2300,Intel Xeon D-1649N 2300 Mhz,Xeon D,0,,,,,40,,,,,https://your.service-snow.com,,0,Intranet,,,,,,installed,,ElizabethHoover.domain.local,ElizabethHoover,6/21/19 0:00,1,47121,66.199.217.179,,39.414268,-77.410538,DC1,,,1,8228cda2ac1d55eb7029baf443945c37,00:18:8B:61:2C:44,56826bf03710200044e0bfc8bcbe5dca,"Dell, Inc.",5f7e9a66c0a8010e008b58d466ed84b7,PowerEdge R750,FALSE,1,,AIX,,,,5L,,51388,128,,8168450831,Exchange Server,FALSE,,Computer,,,cmdb_ci_unix_server,martin.powell,6/21/19 0:00,global,5f9ba346c0a8010e00158183aaa1eb24,4,,douglas.phillips,6/21/19 0:00,,FALSE,Production,b7e7c073c0a801690143e7b7d29eb408,FALSE,4/7/23
2021-09-19T20:54:39.000+0000,trj0d6tdlnfybjqpmus8,P1000106,5/19/21 20:54,be82abf03710200044e0bfc8bcbe5d2e,,,FALSE,Hardware,FALSE,-1,,,,,Production,,e7c1f3d53790200044e0bfc8bcbe5deb,,2160,USD,,8,16,1,AMD Inc,Epyc 7252,3200,AMD Epyc 7252 3200 Mhz,Epyc Gen 2,0,,,,,100,,,,,https://your.service-snow.com,,0,,,,,,,installed,,FatTony.domain.local,FatTony,5/10/19 0:00,1,33211,255.211.228.2,,39.710999,-105.088867,DC3,,,1,f48b21c20a0a0ba70037c842dbb8ffe0,00:18:8B:59:EA:9E,5137153cc611227c000bbd1bd8cd2007,"Dell, Inc.",47aa6b3f3763100044e0bfc8bcbe5d76,PowerEdge 6525,FALSE,1,,Linux Red Hat,,,,Enterprise,,35673,32,,4314136603,DB Server,FALSE,,Computer,,,cmdb_ci_server,jesse.flores,5/10/19 0:00,global,b0cbf176c0a80009002b452bc33e2fc3,9,,william.brown,5/10/19 0:00,,FALSE,,b7e7d7d8c0a8016900a5d7f291acce5c,FALSE,6/18/23
2021-09-19T20:56:46.000+0000,ow4t7siq5v4io9s45i8s,P1000235,5/19/21 20:56,96eace726fc16100d8ca9122be3ee4d3,,,FALSE,Hardware,FALSE,-1,,,,,Production,,e7c1f3d53790200044e0bfc8bcbe5deb,,2160,USD,,8,16,1,AMD Inc,Epyc 72F3,3700,AMD Epyc 72F3 3700 Mhz,Epyc Gen 3,0,,,,,100,,,,,https://your.service-snow.com,,0,,,,,,,installed,,GroundskeeperWillie.domain.local,GroundskeeperWillie,8/14/19 0:00,1,28276,170.103.124.23,,35.779591,-78.638176,DC2,,,1,f48b21c20a0a0ba70037c842dbb8ffe0,00:01:E7:FD:72:33,5137153cc611227c000bbd1bd8cd2007,HPE,47aa6b3f3763100044e0bfc8bcbe5d76,ProLiant DL180,FALSE,1,,Linux Red Hat,,,,Enterprise,,11138,96,,8606880399,DB Server,FALSE,,Computer,,,cmdb_ci_server,clarence.foster,8/14/19 0:00,global,b0cbf176c0a80009002b452bc33e2fc3,9,,arthur.evans,8/14/19 0:00,,FALSE,,b7e7d7d8c0a8016900a5d7f291acce5c,FALSE,5/9/22
2021-09-19T20:57:00.000+0000,xh7nkxd0wkx504ydz6t9,P1000475,5/19/21 20:57,b682abf03710200044e0bfc8bcbe5d18,,,FALSE,Hardware,FALSE,,,,,,Production,,e7c1f3d53790200044e0bfc8bcbe5deb,,,USD,,64,128,8,AMD Inc,Epyc 72F3,3700,AMD Epyc 72F3 3700 Mhz,Epyc Gen 3,0,,,,,40,,,,,https://your.service-snow.com,,0,Intranet,,,,,,installed,,AkiraKurosawa.domain.local,AkiraKurosawa,1/5/20 0:00,1,38881,237.183.28.87,,35.779591,-78.638176,DC2,,,1,8228cda2ac1d55eb7029baf443945c37,00:01:E7:BE:45:5D,56826bf03710200044e0bfc8bcbe5dca,HPE,5f80e1a9c0a8010e001e8da618191a29,ProLiant DL180,FALSE,1,,Solaris,,,,10,,50698,64,,7198809144,,FALSE,,Computer,,,cmdb_ci_unix_server,johnny.russell,1/5/20 0:00,global,53979c53c0a801640116ad2044643fb2,5,,roger.collins,1/5/20 0:00,,FALSE,Production,b7e7c073c0a801690143e7b7d29eb408,FALSE,5/18/23
2021-09-19T20:56:47.000+0000,u57uzq7zht4he2w2vstz,P1000078,5/19/21 20:56,36ab86846f0e6500d8ca9122be3ee4a1,,,FALSE,Hardware,FALSE,,,,,,Production,,e7c1f3d53790200044e0bfc8bcbe5deb,,,USD,,8,16,1,AMD Inc,Epyc 72F3,3700,AMD Epyc 72F3 3700 Mhz,Epyc Gen 3,0,,,,,,,,,,https://your.service-snow.com,,0,Intranet,,,,,,installed,,ComicBookGuy.domain.local,ComicBookGuy,11/25/20 0:00,1,35561,20.67.107.224,,35.779591,-78.638176,DC2,,,1,f48b21c20a0a0ba70037c842dbb8ffe0,00:01:E7:AC:9E:80,5137153cc611227c000bbd1bd8cd2007,HPE,47aa6b3f3763100044e0bfc8bcbe5d76,ProLiant DL180,FALSE,1,,Windows Server 2016,,,,10.0.14393.4046,,16256,128,,3544304577,,FALSE,,Computer,,,cmdb_ci_server,johnny.russell,11/25/20 0:00,global,827b692d0ad337021abb72d3737ff401,3,,stephen.scott,11/25/20 0:00,,FALSE,Production,b7e7d7d8c0a8016900a5d7f291acce5c,FALSE,5/23/23
2021-09-19T20:56:31.000+0000,c0mucj28shh96wolt0gk,P1000995,5/19/21 20:56,8f82abf03710200044e0bfc8bcbe5d40,,,FALSE,Hardware,FALSE,,,,,,Production,,e7c1f3d53790200044e0bfc8bcbe5deb,,3199.99,USD,,96,192,12,AMD Inc,Epyc 72F3,3700,AMD Epyc 72F3 3700 Mhz,Epyc Gen 3,0,,,,,40,,,,,https://your.service-snow.com,,0,Intranet,,,,,,installed,,Kang&Kodos.domain.local,Kang&Kodos,4/24/19 0:00,1,28270,10.152.7.166,,35.779591,-78.638176,DC2,,,1,8228cda2ac1d55eb7029baf443945c37,00:01:E7:A6:A8:83,56826bf03710200044e0bfc8bcbe5dca,HPE,5f7e9a66c0a8010e008b58d466ed84b7,ProLiant DL180,FALSE,1,,AIX,,,,5L,,29215,192,,4613548350,,FALSE,,Computer,,,cmdb_ci_unix_server,walter.mitchell,4/24/19 0:00,global,5f7dfd9cc0a8010e00ab58006f14bdc5,5,,ryan.edwards,4/24/19 0:00,,FALSE,Production,b7e7c073c0a801690143e7b7d29eb408,FALSE,10/5/22
2021-09-19T20:56:57.000+0000,f6klj4fpfiy4j7j2pfa9,P1000766,5/19/21 20:56,4f82abf03710200044e0bfc8bcbe5d3b,,,FALSE,Hardware,FALSE,,,,,,Production,,e7c1f3d53790200044e0bfc8bcbe5deb,,9599.99,USD,,64,128,8,AMD Inc,Epyc 72F3,3700,AMD Epyc 72F3 3700 Mhz,Epyc Gen 3,0,,,,,40,,,,,https://your.service-snow.com,,0,Intranet,,,,,,installed,,Blue-HairedLawyer.domain.local,Blue-HairedLawyer,7/28/19 0:00,1,40227,32.6.104.111,,35.779591,-78.638176,DC2,,,1,8228cda2ac1d55eb7029baf443945c37,00:01:E7:82:8E:03,56826bf03710200044e0bfc8bcbe5dca,HPE,5f80e1a9c0a8010e001e8da618191a29,ProLiant DL180,FALSE,1,,Solaris,,,,10,,26711,64,,3270420423,,FALSE,,Computer,,,cmdb_ci_unix_server,aaron.bennett,7/28/19 0:00,global,60ca3062c0a8010e0145c47fe9f3dc12,6,,terry.morgan,7/28/19 0:00,,FALSE,Production,b7e7c073c0a801690143e7b7d29eb408,FALSE,10/1/21
2021-09-19T20:57:04.000+0000,fodtzwe8y55i480xnytp,P1000254,5/19/21 20:57,be82abf03710200044e0bfc8bcbe5d05,,,FALSE,Hardware,FALSE,-1,,,,,Production,,e7c1f3d53790200044e0bfc8bcbe5deb,,1599.99,USD,,8,16,1,AMD Inc,Epyc 72F3,3700,AMD Epyc 72F3 3700 Mhz,Epyc Gen 3,0,,,,,101.5,,,,,https://your.service-snow.com,,0,,,,,,,installed,,AgnesSkinner.domain.local,AgnesSkinner,4/25/19 0:00,1,53231,22.124.149.19,,35.779591,-78.638176,DC2,,,1,f48b21c20a0a0ba70037c842dbb8ffe0,00:01:E7:6C:11:B5,5137153cc611227c000bbd1bd8cd2007,HPE,0c43b26cc611227501522de2ba7d82f1,ProLiant DL180,FALSE,1,,Windows Server 2019,,,,10.0.17763,,12192,128,,6999353817,Domain Controller/Exchange Server/FTP Server,FALSE,,Computer,,,cmdb_ci_server,aaron.bennett,4/25/19 0:00,global,6cabe993c611222500bb025775ec8732,21,,nicholas.cox,4/25/19 0:00,,FALSE,,b7e7d7d8c0a8016900a5d7f291acce5c,FALSE,7/23/23
2021-09-19T20:56:45.000+0000,1zceco58vo1lxn7yrxfk,P1000926,5/19/21 20:56,681b365ec0a80164000fb0b05854a0cd,,,FALSE,Hardware,FALSE,-1,,,,,Production,,e7c1f3d53790200044e0bfc8bcbe5deb,,10015,USD,,8,16,1,AMD Inc,Epyc 72F3,3700,AMD Epyc 72F3 3700 Mhz,Epyc Gen 3,0,,,,,100,,,,,https://your.service-snow.com,,0,Intranet,,,,,,installed,,JudgeRoySnyder.domain.local,JudgeRoySnyder,8/11/20 0:00,1,24514,89.231.251.168,,35.779591,-78.638176,DC2,,,1,f48b21c20a0a0ba70037c842dbb8ffe0,00:01:E7:4C:B4:02,5137153cc611227c000bbd1bd8cd2007,HPE,46d449d5a9fe198101952a675f442619,ProLiant DL180,FALSE,1,,Linux Red Hat,,,,Enterprise,,29215,208,,8754056364,DB Server,FALSE,,Computer,,,cmdb_ci_server,michael.jones,8/11/20 0:00,global,14a9e27bc61122750037b90c4d34da38,11,,peter.roberts,8/11/20 0:00,,FALSE,,b7e7d7d8c0a8016900a5d7f291acce5c,FALSE,7/27/23